"OptionSet","Exploit","Filter","All","D1 0.17  ","D1 0.33  ","D1 0.5  ","D1 0.67  ","D1 0.83  "
"liablowcosts","0.0004570264838987787","All",1,0.0550222,0.232653,0.110753,0.0256427,0.000644288
"liablowcosts","0.0004570264838987787","DLiabilitySignal 1",6.4E-5,1,0,0,0,0
"liablowcosts","0.0004570264838987787","DLiabilitySignal 2",0.0012,0.947368,0.0526316,0,0,0
"liablowcosts","0.0004570264838987787","DLiabilitySignal 3",0.0258,0.055,0.945,0,0,0
"liablowcosts","0.0004570264838987787","DLiabilitySignal 4",0.0373,0,0.0138169,0.965458,0.0207254,0
"liablowcosts","0.0004570264838987787","DLiabilitySignal 5",0,,,,,
"damlowcosts","0.00030823996875044995","All",1,0.0591979,0.120957,0.143252,0.0588777,0.0108069
"damlowcosts","0.00030823996875044995","DSignal Liab 1 Dam 1",0.021,0.0609524,0.939048,0,0,0
"damlowcosts","0.00030823996875044995","DSignal Liab 1 Dam 2",0.1449,0.357182,0.642541,0.000276243,0,0
"damlowcosts","0.00030823996875044995","DSignal Liab 1 Dam 3",0.1426,0.000280741,0.000280741,0.999158,0.000280741,0
"damlowcosts","0.00030823996875044995","DSignal Liab 1 Dam 4",0.0584,0.000684932,0.00136986,0.00205479,0.995205,0.000684932
"damlowcosts","0.00030823996875044995","DSignal Liab 1 Dam 5",0.0106,0,0,0,0,1
"liabbasecosts","0.006821990425059434","All",1,0.537971,0.0532452,0.0547998,0.0307812,0.197824
"liabbasecosts","0.006821990425059434","DLiabilitySignal 1",0.0674,1,0,0,0,0
"liabbasecosts","0.006821990425059434","DLiabilitySignal 2",0.1727,0.975248,0.0193519,0.00540054,0,0
"liabbasecosts","0.006821990425059434","DLiabilitySignal 3",0.3157,0.906204,0.0152634,0.07484,0.00344658,0.000246184
"liabbasecosts","0.006821990425059434","DLiabilitySignal 4",0.2034,0.000382117,0.00114635,0.0106993,0.0168131,0.970959
"liabbasecosts","0.006821990425059434","DLiabilitySignal 5",0,,,,,
"dambasecosts","0.006203528529013135","All",1,0.000557151,0.000685724,0.592766,0.0853726,0.303004
"dambasecosts","0.006203528529013135","DSignal Liab 1 Dam 1",0.2062,0.000415628,0.000415628,0.998753,0.000415628,0
"dambasecosts","0.006203528529013135","DSignal Liab 1 Dam 2",0.2095,0.000409165,0,0.999182,0.000204583,0.000204583
"dambasecosts","0.006203528529013135","DSignal Liab 1 Dam 3",0.1877,0.000228363,0.000228363,0.925097,0.0744462,0
"dambasecosts","0.006203528529013135","DSignal Liab 1 Dam 4",0.1726,0.000496524,0.00124131,0,0.0729891,0.925273
"dambasecosts","0.006203528529013135","DSignal Liab 1 Dam 5",0.1043,0,0.000411015,0.00082203,0.00246609,0.996301
"bothlowcosts","0.00027113918896466433","All",1,0.83867,0.000520291,0.0806051,0.000120067,0.0800848
"bothlowcosts","0.00027113918896466433","DSignal Liab 1 Dam 1",0.0384,0.997914,0,0,0,0.00208551
"bothlowcosts","0.00027113918896466433","DSignal Liab 1 Dam 2",0.0373,1,0,0,0,0
"bothlowcosts","0.00027113918896466433","DSignal Liab 1 Dam 3",0.0381,0.998948,0,0,0,0.00105152
"bothlowcosts","0.00027113918896466433","DSignal Liab 1 Dam 4",0.0383,0.998955,0,0.00104493,0,0
"bothlowcosts","0.00027113918896466433","DSignal Liab 1 Dam 5",0.0367,0.998909,0.00109051,0,0,0
"bothlowcosts","0.00027113918896466433","DSignal Liab 2 Dam 1",0.0401,0.998006,0,0.000997009,0,0.000997009
"bothlowcosts","0.00027113918896466433","DSignal Liab 2 Dam 2",0.0389,1,0,0,0,0
"bothlowcosts","0.00027113918896466433","DSignal Liab 2 Dam 3",0.0381,0.998951,0.00104932,0,0,0
"bothlowcosts","0.00027113918896466433","DSignal Liab 2 Dam 4",0.0381,0.998951,0,0,0,0.00104932
"bothlowcosts","0.00027113918896466433","DSignal Liab 2 Dam 5",0.0365,1,0,0,0,0
"bothlowcosts","0.00027113918896466433","DSignal Liab 3 Dam 1",0.045,1,0,0,0,0
"bothlowcosts","0.00027113918896466433","DSignal Liab 3 Dam 2",0.0423,0.999055,0,0.00094518,0,0
"bothlowcosts","0.00027113918896466433","DSignal Liab 3 Dam 3",0.0447,0.999104,0.000896057,0,0,0
"bothlowcosts","0.00027113918896466433","DSignal Liab 3 Dam 4",0.0442,0.999094,0,0,0,0.000905797
"bothlowcosts","0.00027113918896466433","DSignal Liab 3 Dam 5",0.0497,0.998391,0,0.000804505,0.000804505,0
"bothlowcosts","0.00027113918896466433","DSignal Liab 4 Dam 1",0.0363,0.998896,0,0,0,0.00110375
"bothlowcosts","0.00027113918896466433","DSignal Liab 4 Dam 2",0.0391,0.996926,0.00307377,0,0,0
"bothlowcosts","0.00027113918896466433","DSignal Liab 4 Dam 3",0.0407,1,0,0,0,0
"bothlowcosts","0.00027113918896466433","DSignal Liab 4 Dam 4",0.0402,0.99801,0.00199005,0,0,0
"bothlowcosts","0.00027113918896466433","DSignal Liab 4 Dam 5",0.0403,0.998016,0.000992063,0,0.000992063,0
"bothlowcosts","0.00027113918896466433","DSignal Liab 5 Dam 1",0.0361,0.996678,0.00332226,0,0,0
"bothlowcosts","0.00027113918896466433","DSignal Liab 5 Dam 2",0.0381,0,0,1,0,0
"bothlowcosts","0.00027113918896466433","DSignal Liab 5 Dam 3",0.0418,0,0,1,0,0
"bothlowcosts","0.00027113918896466433","DSignal Liab 5 Dam 4",0.0405,0.011846,0.000987167,0.0128332,0.000987167,0.973346
"bothlowcosts","0.00027113918896466433","DSignal Liab 5 Dam 5",0.0403,0,0,0,0,1
"shootoutlowcosts","0.00013092762717397636","All",1,0.575196,0.000280134,0.000280134,0.000240115,0.424004
"shootoutlowcosts","0.00013092762717397636","DSignal Liab 1 Dam 1",0.0367,0.998908,0.0010917,0,0,0
"shootoutlowcosts","0.00013092762717397636","DSignal Liab 1 Dam 2",0.038,0.998946,0,0,0,0.00105374
"shootoutlowcosts","0.00013092762717397636","DSignal Liab 1 Dam 3",0.0415,1,0,0,0,0
"shootoutlowcosts","0.00013092762717397636","DSignal Liab 1 Dam 4",0.0366,1,0,0,0,0
"shootoutlowcosts","0.00013092762717397636","DSignal Liab 1 Dam 5",0.0395,1,0,0,0,0
"shootoutlowcosts","0.00013092762717397636","DSignal Liab 2 Dam 1",0.0381,0.998948,0.00105152,0,0,0
"shootoutlowcosts","0.00013092762717397636","DSignal Liab 2 Dam 2",0.0388,1,0,0,0,0
"shootoutlowcosts","0.00013092762717397636","DSignal Liab 2 Dam 3",0.038,0.998947,0.00105263,0,0,0
"shootoutlowcosts","0.00013092762717397636","DSignal Liab 2 Dam 4",0.0384,0.998957,0,0,0.00104275,0
"shootoutlowcosts","0.00013092762717397636","DSignal Liab 2 Dam 5",0.0389,0.99897,0,0,0.00102987,0
"shootoutlowcosts","0.00013092762717397636","DSignal Liab 3 Dam 1",0.047,1,0,0,0,0
"shootoutlowcosts","0.00013092762717397636","DSignal Liab 3 Dam 2",0.0475,1,0,0,0,0
"shootoutlowcosts","0.00013092762717397636","DSignal Liab 3 Dam 3",0.0447,0.999106,0,0,0,0.000894454
"shootoutlowcosts","0.00013092762717397636","DSignal Liab 3 Dam 4",0.0476,0.00168067,0.000840336,0,0,0.997479
"shootoutlowcosts","0.00013092762717397636","DSignal Liab 3 Dam 5",0.0451,0.240675,0.000888099,0,0,0.758437
"shootoutlowcosts","0.00013092762717397636","DSignal Liab 4 Dam 1",0.0408,0.999019,0,0.000981354,0,0
"shootoutlowcosts","0.00013092762717397636","DSignal Liab 4 Dam 2",0.0351,0.00570125,0,0.00114025,0.00114025,0.992018
"shootoutlowcosts","0.00013092762717397636","DSignal Liab 4 Dam 3",0.0401,0,0,0,0.000999001,0.999001
"shootoutlowcosts","0.00013092762717397636","DSignal Liab 4 Dam 4",0.0409,0,0,0,0,1
"shootoutlowcosts","0.00013092762717397636","DSignal Liab 4 Dam 5",0.0383,0,0,0.00104493,0.00104493,0.99791
"shootoutlowcosts","0.00013092762717397636","DSignal Liab 5 Dam 1",0.0391,0,0.00204708,0.00102354,0,0.996929
"shootoutlowcosts","0.00013092762717397636","DSignal Liab 5 Dam 2",0.0391,0,0,0,0,1
"shootoutlowcosts","0.00013092762717397636","DSignal Liab 5 Dam 3",0.0345,0,0,0.00116009,0.00116009,0.99768
"shootoutlowcosts","0.00013092762717397636","DSignal Liab 5 Dam 4",0.0385,0,0,0.00208117,0,0.997919
"shootoutlowcosts","0.00013092762717397636","DSignal Liab 5 Dam 5",0.0373,0,0,0,0,1
"soallroundslowcosts","0.00013094092100004515","All",1,0.578619,0.000200048,0.000560134,0.000480115,0.420141
"soallroundslowcosts","0.00013094092100004515","DSignal Liab 1 Dam 1",0.0372,1,0,0,0,0
"soallroundslowcosts","0.00013094092100004515","DSignal Liab 1 Dam 2",0.0394,1,0,0,0,0
"soallroundslowcosts","0.00013094092100004515","DSignal Liab 1 Dam 3",0.0399,0.998998,0,0,0,0.001002
"soallroundslowcosts","0.00013094092100004515","DSignal Liab 1 Dam 4",0.0397,0.998993,0,0,0,0.00100705
"soallroundslowcosts","0.00013094092100004515","DSignal Liab 1 Dam 5",0.0385,1,0,0,0,0
"soallroundslowcosts","0.00013094092100004515","DSignal Liab 2 Dam 1",0.0394,0.998984,0,0.00101626,0,0
"soallroundslowcosts","0.00013094092100004515","DSignal Liab 2 Dam 2",0.0408,0.999021,0,0,0.000979432,0
"soallroundslowcosts","0.00013094092100004515","DSignal Liab 2 Dam 3",0.0374,0.998932,0,0.00106838,0,0
"soallroundslowcosts","0.00013094092100004515","DSignal Liab 2 Dam 4",0.0376,1,0,0,0,0
"soallroundslowcosts","0.00013094092100004515","DSignal Liab 2 Dam 5",0.0392,0.997961,0.00101937,0.00101937,0,0
"soallroundslowcosts","0.00013094092100004515","DSignal Liab 3 Dam 1",0.0451,0.999113,0.000886525,0,0,0
"soallroundslowcosts","0.00013094092100004515","DSignal Liab 3 Dam 2",0.0485,0.997525,0,0.00165017,0.000825083,0
"soallroundslowcosts","0.00013094092100004515","DSignal Liab 3 Dam 3",0.0465,0.998277,0,0.00172265,0,0
"soallroundslowcosts","0.00013094092100004515","DSignal Liab 3 Dam 4",0.0459,0,0.00087108,0,0.00087108,0.998258
"soallroundslowcosts","0.00013094092100004515","DSignal Liab 3 Dam 5",0.0463,0.240277,0,0.00172861,0,0.757995
"soallroundslowcosts","0.00013094092100004515","DSignal Liab 4 Dam 1",0.0382,0.997906,0.00104712,0,0.00104712,0
"soallroundslowcosts","0.00013094092100004515","DSignal Liab 4 Dam 2",0.0372,0.011828,0,0,0.00215054,0.986022
"soallroundslowcosts","0.00013094092100004515","DSignal Liab 4 Dam 3",0.0401,0,0,0.000997009,0.00299103,0.996012
"soallroundslowcosts","0.00013094092100004515","DSignal Liab 4 Dam 4",0.0358,0,0,0,0,1
"soallroundslowcosts","0.00013094092100004515","DSignal Liab 4 Dam 5",0.0371,0,0,0,0,1
"soallroundslowcosts","0.00013094092100004515","DSignal Liab 5 Dam 1",0.037,0,0,0.00108225,0,0.998918
"soallroundslowcosts","0.00013094092100004515","DSignal Liab 5 Dam 2",0.0417,0,0,0.000958773,0,0.999041
"soallroundslowcosts","0.00013094092100004515","DSignal Liab 5 Dam 3",0.0358,0,0,0,0,1
"soallroundslowcosts","0.00013094092100004515","DSignal Liab 5 Dam 4",0.0374,0,0,0,0.00106952,0.99893
"soallroundslowcosts","0.00013094092100004515","DSignal Liab 5 Dam 5",0.0379,0,0.00105485,0.0021097,0.0021097,0.994726
"liabhighcosts","0.0019149311919882243","All",1,0.257924,0.0360539,0.0110935,0.0312995,0.072504
"liabhighcosts","0.0019149311919882243","DLiabilitySignal 1",0,,,,,
"liabhighcosts","0.0019149311919882243","DLiabilitySignal 2",0.0238,1,0,0,0,0
"liabhighcosts","0.0019149311919882243","DLiabilitySignal 3",0.0563,0.485915,0.514085,0,0,0
"liabhighcosts","0.0019149311919882243","DLiabilitySignal 4",0,,,,,
"liabhighcosts","0.0019149311919882243","DLiabilitySignal 5",0,,,,,
"bothbasecosts","0.0011549036332394536","All",1,0.937065,0.000520125,0.000320077,0.000320077,0.0617748
"bothbasecosts","0.0011549036332394536","DSignal Liab 1 Dam 1",0.0354,1,0,0,0,0
"bothbasecosts","0.0011549036332394536","DSignal Liab 1 Dam 2",0.0374,0.995722,0.00320856,0.00106952,0,0
"bothbasecosts","0.0011549036332394536","DSignal Liab 1 Dam 3",0.0406,0.999015,0.000985222,0,0,0
"bothbasecosts","0.0011549036332394536","DSignal Liab 1 Dam 4",0.039,0.998975,0,0,0.00102459,0
"bothbasecosts","0.0011549036332394536","DSignal Liab 1 Dam 5",0.0366,1,0,0,0,0
"bothbasecosts","0.0011549036332394536","DSignal Liab 2 Dam 1",0.0399,0.997994,0.00100301,0,0.00100301,0
"bothbasecosts","0.0011549036332394536","DSignal Liab 2 Dam 2",0.0395,1,0,0,0,0
"bothbasecosts","0.0011549036332394536","DSignal Liab 2 Dam 3",0.0382,0.997908,0.00104603,0.00104603,0,0
"bothbasecosts","0.0011549036332394536","DSignal Liab 2 Dam 4",0.0397,1,0,0,0,0
"bothbasecosts","0.0011549036332394536","DSignal Liab 2 Dam 5",0.038,0.997897,0.00105152,0,0.00105152,0
"bothbasecosts","0.0011549036332394536","DSignal Liab 3 Dam 1",0.0467,0.998288,0,0,0.000856164,0.000856164
"bothbasecosts","0.0011549036332394536","DSignal Liab 3 Dam 2",0.0461,0.999131,0.00086881,0,0,0
"bothbasecosts","0.0011549036332394536","DSignal Liab 3 Dam 3",0.0471,0.999151,0.000848896,0,0,0
"bothbasecosts","0.0011549036332394536","DSignal Liab 3 Dam 4",0.0479,0.998331,0.000834725,0.000834725,0,0
"bothbasecosts","0.0011549036332394536","DSignal Liab 3 Dam 5",0.0455,0.998241,0,0.000879507,0,0.000879507
"bothbasecosts","0.0011549036332394536","DSignal Liab 4 Dam 1",0.0387,1,0,0,0,0
"bothbasecosts","0.0011549036332394536","DSignal Liab 4 Dam 2",0.0368,1,0,0,0,0
"bothbasecosts","0.0011549036332394536","DSignal Liab 4 Dam 3",0.0371,0.997845,0,0,0.00107759,0.00107759
"bothbasecosts","0.0011549036332394536","DSignal Liab 4 Dam 4",0.0386,0.998965,0.0010352,0,0,0
"bothbasecosts","0.0011549036332394536","DSignal Liab 4 Dam 5",0.038,0.98633,0,0.0042061,0.00105152,0.0084122
"bothbasecosts","0.0011549036332394536","DSignal Liab 5 Dam 1",0.0378,1,0,0,0,0
"bothbasecosts","0.0011549036332394536","DSignal Liab 5 Dam 2",0.0401,0.999002,0,0,0.000998004,0
"bothbasecosts","0.0011549036332394536","DSignal Liab 5 Dam 3",0.0381,0.997901,0.00104932,0,0,0.00104932
"bothbasecosts","0.0011549036332394536","DSignal Liab 5 Dam 4",0.0406,0.37734,0.000985222,0,0.000985222,0.62069
"bothbasecosts","0.0011549036332394536","DSignal Liab 5 Dam 5",0.0361,0,0,0,0,1
"damhighcosts","0.010413403254322422","All",1,0.0534045,0.109646,0.550734,0.158211,0.000166889
"damhighcosts","0.010413403254322422","DSignal Liab 1 Dam 1",0.5132,0.036748,0.0660163,0.897236,0,0
"damhighcosts","0.010413403254322422","DSignal Liab 1 Dam 2",0.097,0.0877797,0.487091,0.423408,0,0.00172117
"damhighcosts","0.010413403254322422","DSignal Liab 1 Dam 3",0.0102,0.0491803,0.0819672,0.819672,0.0491803,0
"damhighcosts","0.010413403254322422","DSignal Liab 1 Dam 4",0.0003,0,0,1,0,0
"damhighcosts","0.010413403254322422","DSignal Liab 1 Dam 5",0,,,,,
"shootoutbasecosts","0.0003574806892847582","All",1,0.559819,0.00260083,0.00192061,0.000440141,0.435219
"shootoutbasecosts","0.0003574806892847582","DSignal Liab 1 Dam 1",0.035,0.998856,0.00114416,0,0,0
"shootoutbasecosts","0.0003574806892847582","DSignal Liab 1 Dam 2",0.0389,1,0,0,0,0
"shootoutbasecosts","0.0003574806892847582","DSignal Liab 1 Dam 3",0.0388,1,0,0,0,0
"shootoutbasecosts","0.0003574806892847582","DSignal Liab 1 Dam 4",0.0368,1,0,0,0,0
"shootoutbasecosts","0.0003574806892847582","DSignal Liab 1 Dam 5",0.0371,1,0,0,0,0
"shootoutbasecosts","0.0003574806892847582","DSignal Liab 2 Dam 1",0.0393,1,0,0,0,0
"shootoutbasecosts","0.0003574806892847582","DSignal Liab 2 Dam 2",0.038,0.998947,0,0,0,0.00105263
"shootoutbasecosts","0.0003574806892847582","DSignal Liab 2 Dam 3",0.0362,0.99779,0.00110497,0.00110497,0,0
"shootoutbasecosts","0.0003574806892847582","DSignal Liab 2 Dam 4",0.0366,1,0,0,0,0
"shootoutbasecosts","0.0003574806892847582","DSignal Liab 2 Dam 5",0.0422,0.998104,0.000947867,0,0.000947867,0
"shootoutbasecosts","0.0003574806892847582","DSignal Liab 3 Dam 1",0.0443,0.991863,0.000904159,0.00723327,0,0
"shootoutbasecosts","0.0003574806892847582","DSignal Liab 3 Dam 2",0.0459,0.983449,0.00348432,0.0130662,0,0
"shootoutbasecosts","0.0003574806892847582","DSignal Liab 3 Dam 3",0.044,0.982712,0.00818926,0.00909918,0,0
"shootoutbasecosts","0.0003574806892847582","DSignal Liab 3 Dam 4",0.0457,0.286964,0.000874891,0,0,0.712161
"shootoutbasecosts","0.0003574806892847582","DSignal Liab 3 Dam 5",0.048,0.000833333,0.000833333,0,0,0.998333
"shootoutbasecosts","0.0003574806892847582","DSignal Liab 4 Dam 1",0.0383,0.932079,0.0480669,0.0104493,0.00835946,0.00104493
"shootoutbasecosts","0.0003574806892847582","DSignal Liab 4 Dam 2",0.0375,0,0,0.00106724,0.00106724,0.997866
"shootoutbasecosts","0.0003574806892847582","DSignal Liab 4 Dam 3",0.0427,0,0,0.000938086,0,0.999062
"shootoutbasecosts","0.0003574806892847582","DSignal Liab 4 Dam 4",0.0392,0,0,0.00102041,0,0.99898
"shootoutbasecosts","0.0003574806892847582","DSignal Liab 4 Dam 5",0.0407,0,0,0,0,1
"shootoutbasecosts","0.0003574806892847582","DSignal Liab 5 Dam 1",0.0387,0.00103413,0,0,0.00103413,0.997932
"shootoutbasecosts","0.0003574806892847582","DSignal Liab 5 Dam 2",0.0422,0,0,0,0,1
"shootoutbasecosts","0.0003574806892847582","DSignal Liab 5 Dam 3",0.0368,0,0,0.00108814,0,0.998912
"shootoutbasecosts","0.0003574806892847582","DSignal Liab 5 Dam 4",0.0397,0.00100908,0,0,0,0.998991
"shootoutbasecosts","0.0003574806892847582","DSignal Liab 5 Dam 5",0.0375,0,0,0,0,1
"soallroundsbasecosts","0.00029162741032267534","All",1,0.574716,0.00120058,0.000360173,0.000320154,0.423403
"soallroundsbasecosts","0.00029162741032267534","DSignal Liab 1 Dam 1",0.0353,0.998865,0,0,0.00113507,0
"soallroundsbasecosts","0.00029162741032267534","DSignal Liab 1 Dam 2",0.0361,0.99556,0.00221976,0.00110988,0.00110988,0
"soallroundsbasecosts","0.00029162741032267534","DSignal Liab 1 Dam 3",0.0397,0.997984,0,0,0,0.00201613
"soallroundsbasecosts","0.00029162741032267534","DSignal Liab 1 Dam 4",0.0388,1,0,0,0,0
"soallroundsbasecosts","0.00029162741032267534","DSignal Liab 1 Dam 5",0.0356,1,0,0,0,0
"soallroundsbasecosts","0.00029162741032267534","DSignal Liab 2 Dam 1",0.0399,0.997994,0.00100301,0,0,0.00100301
"soallroundsbasecosts","0.00029162741032267534","DSignal Liab 2 Dam 2",0.0397,1,0,0,0,0
"soallroundsbasecosts","0.00029162741032267534","DSignal Liab 2 Dam 3",0.0402,0.999005,0,0.000995025,0,0
"soallroundsbasecosts","0.00029162741032267534","DSignal Liab 2 Dam 4",0.0383,1,0,0,0,0
"soallroundsbasecosts","0.00029162741032267534","DSignal Liab 2 Dam 5",0.0415,0.998069,0,0.000965251,0,0.000965251
"soallroundsbasecosts","0.00029162741032267534","DSignal Liab 3 Dam 1",0.0464,1,0,0,0,0
"soallroundsbasecosts","0.00029162741032267534","DSignal Liab 3 Dam 2",0.0449,0.997324,0.00178412,0,0.000892061,0
"soallroundsbasecosts","0.00029162741032267534","DSignal Liab 3 Dam 3",0.0455,1,0,0,0,0
"soallroundsbasecosts","0.00029162741032267534","DSignal Liab 3 Dam 4",0.0474,0.331926,0,0,0,0.668074
"soallroundsbasecosts","0.00029162741032267534","DSignal Liab 3 Dam 5",0.0469,0,0,0,0,1
"soallroundsbasecosts","0.00029162741032267534","DSignal Liab 4 Dam 1",0.039,0.972279,0.0225873,0.00308008,0.00205339,0
"soallroundsbasecosts","0.00029162741032267534","DSignal Liab 4 Dam 2",0.0366,0,0.00218818,0,0,0.997812
"soallroundsbasecosts","0.00029162741032267534","DSignal Liab 4 Dam 3",0.0371,0.00107759,0,0.00107759,0,0.997845
"soallroundsbasecosts","0.00029162741032267534","DSignal Liab 4 Dam 4",0.0373,0.00107296,0,0,0,0.998927
"soallroundsbasecosts","0.00029162741032267534","DSignal Liab 4 Dam 5",0.0402,0,0,0,0.000995025,0.999005
"soallroundsbasecosts","0.00029162741032267534","DSignal Liab 5 Dam 1",0.0376,0,0,0.00106496,0,0.998935
"soallroundsbasecosts","0.00029162741032267534","DSignal Liab 5 Dam 2",0.0425,0,0.00094162,0,0.00188324,0.997175
"soallroundsbasecosts","0.00029162741032267534","DSignal Liab 5 Dam 3",0.0388,0,0,0,0,1
"soallroundsbasecosts","0.00029162741032267534","DSignal Liab 5 Dam 4",0.0383,0,0,0,0,1
"soallroundsbasecosts","0.00029162741032267534","DSignal Liab 5 Dam 5",0.0367,0,0,0.00109051,0,0.998909
"bothhighcosts","0.003821785712785888","All",1,0.571382,0.0333333,0.378374,0.0165854,0.000325203
"bothhighcosts","0.003821785712785888","DSignal Liab 1 Dam 1",0.0002,1,0,0,0,0
"bothhighcosts","0.003821785712785888","DSignal Liab 1 Dam 2",0.0011,1,0,0,0,0
"bothhighcosts","0.003821785712785888","DSignal Liab 1 Dam 3",0.0039,1,0,0,0,0
"bothhighcosts","0.003821785712785888","DSignal Liab 1 Dam 4",0.0062,1,0,0,0,0
"bothhighcosts","0.003821785712785888","DSignal Liab 1 Dam 5",0.012,0.986486,0.0135135,0,0,0
"bothhighcosts","0.003821785712785888","DSignal Liab 2 Dam 1",0.0059,1,0,0,0,0
"bothhighcosts","0.003821785712785888","DSignal Liab 2 Dam 2",0.0102,1,0,0,0,0
"bothhighcosts","0.003821785712785888","DSignal Liab 2 Dam 3",0.0283,0.988506,0,0.0114943,0,0
"bothhighcosts","0.003821785712785888","DSignal Liab 2 Dam 4",0.0472,0.993103,0.00689655,0,0,0
"bothhighcosts","0.003821785712785888","DSignal Liab 2 Dam 5",0.0634,0.966667,0.025641,0.00769231,0,0
"bothhighcosts","0.003821785712785888","DSignal Liab 3 Dam 1",0.0242,0.966443,0.0268456,0.00671141,0,0
"bothhighcosts","0.003821785712785888","DSignal Liab 3 Dam 2",0.0463,0.94386,0.0350877,0.0210526,0,0
"bothhighcosts","0.003821785712785888","DSignal Liab 3 Dam 3",0.0928,0.952715,0.0350263,0.00875657,0.00350263,0
"bothhighcosts","0.003821785712785888","DSignal Liab 3 Dam 4",0.1174,0.944598,0.0235457,0.0152355,0.0166205,0
"bothhighcosts","0.003821785712785888","DSignal Liab 3 Dam 5",0.1259,0.936693,0.0271318,0.00904393,0.0271318,0
"bothhighcosts","0.003821785712785888","DSignal Liab 4 Dam 1",0.0593,0.175342,0.0712329,0.753425,0,0
"bothhighcosts","0.003821785712785888","DSignal Liab 4 Dam 2",0.0802,0.00608519,0.0365112,0.935091,0.0223124,0
"bothhighcosts","0.003821785712785888","DSignal Liab 4 Dam 3",0.027,0,0.0180723,0.879518,0.10241,0
"bothhighcosts","0.003821785712785888","DSignal Liab 4 Dam 4",0.0021,0.0769231,0,0.0769231,0.846154,0
"bothhighcosts","0.003821785712785888","DSignal Liab 4 Dam 5",0.0005,0,0,0.333333,0.333333,0.333333
"bothhighcosts","0.003821785712785888","DSignal Liab 5 Dam 1",0.12,0.00135501,0.0609756,0.933604,0.00406504,0
"bothhighcosts","0.003821785712785888","DSignal Liab 5 Dam 2",0.1229,0.0026455,0.037037,0.935185,0.0251323,0
"bothhighcosts","0.003821785712785888","DSignal Liab 5 Dam 3",0.0028,0,0,0.705882,0.294118,0
"bothhighcosts","0.003821785712785888","DSignal Liab 5 Dam 4",0,,,,,
"bothhighcosts","0.003821785712785888","DSignal Liab 5 Dam 5",0.0002,0,0,0,0,1
"shootouthighcosts","0.0012064325842105813","All",1,0.887924,0.0260546,0.0678246,0.0181969,0
"shootouthighcosts","0.0012064325842105813","DSignal Liab 1 Dam 1",0.0151,1,0,0,0,0
"shootouthighcosts","0.0012064325842105813","DSignal Liab 1 Dam 2",0.0343,1,0,0,0,0
"shootouthighcosts","0.0012064325842105813","DSignal Liab 1 Dam 3",0.0476,1,0,0,0,0
"shootouthighcosts","0.0012064325842105813","DSignal Liab 1 Dam 4",0.0569,1,0,0,0,0
"shootouthighcosts","0.0012064325842105813","DSignal Liab 1 Dam 5",0.0596,1,0,0,0,0
"shootouthighcosts","0.0012064325842105813","DSignal Liab 2 Dam 1",0.0815,0.977157,0.0228426,0,0,0
"shootouthighcosts","0.0012064325842105813","DSignal Liab 2 Dam 2",0.1044,0.962376,0.0356436,0.0019802,0,0
"shootouthighcosts","0.0012064325842105813","DSignal Liab 2 Dam 3",0.1423,0.925872,0.0348837,0.0319767,0.00726744,0
"shootouthighcosts","0.0012064325842105813","DSignal Liab 2 Dam 4",0.1309,0.78515,0.0126382,0.175355,0.0268562,0
"shootouthighcosts","0.0012064325842105813","DSignal Liab 2 Dam 5",0.0308,0.939597,0,0.0134228,0.0469799,0
"shootouthighcosts","0.0012064325842105813","DSignal Liab 3 Dam 1",0.1706,0.887273,0.0557576,0.0448485,0.0121212,0
"shootouthighcosts","0.0012064325842105813","DSignal Liab 3 Dam 2",0.1222,0.649746,0.0338409,0.257191,0.0592217,0
"shootouthighcosts","0.0012064325842105813","DSignal Liab 3 Dam 3",0.0012,0,0,0,1,0
"shootouthighcosts","0.0012064325842105813","DSignal Liab 3 Dam 4",0,,,,,
"shootouthighcosts","0.0012064325842105813","DSignal Liab 3 Dam 5",0,,,,,
"shootouthighcosts","0.0012064325842105813","DSignal Liab 4 Dam 1",0.0025,0.0833333,0.0833333,0.166667,0.666667,0
"shootouthighcosts","0.0012064325842105813","DSignal Liab 4 Dam 2",0,,,,,
"shootouthighcosts","0.0012064325842105813","DSignal Liab 4 Dam 3",0,,,,,
"shootouthighcosts","0.0012064325842105813","DSignal Liab 4 Dam 4",0.0002,0,0,1,0,0
"shootouthighcosts","0.0012064325842105813","DSignal Liab 4 Dam 5",0,,,,,
"shootouthighcosts","0.0012064325842105813","DSignal Liab 5 Dam 1",0,,,,,
"shootouthighcosts","0.0012064325842105813","DSignal Liab 5 Dam 2",0,,,,,
"shootouthighcosts","0.0012064325842105813","DSignal Liab 5 Dam 3",0,,,,,
"shootouthighcosts","0.0012064325842105813","DSignal Liab 5 Dam 4",0,,,,,
"shootouthighcosts","0.0012064325842105813","DSignal Liab 5 Dam 5",0,,,,,
"soallroundshighcosts","0.0010150671057617044","All",1,0.893635,0.0246734,0.0740203,0.00746423,0.00020734
"soallroundshighcosts","0.0010150671057617044","DSignal Liab 1 Dam 1",0.0153,1,0,0,0,0
"soallroundshighcosts","0.0010150671057617044","DSignal Liab 1 Dam 2",0.0369,1,0,0,0,0
"soallroundshighcosts","0.0010150671057617044","DSignal Liab 1 Dam 3",0.044,1,0,0,0,0
"soallroundshighcosts","0.0010150671057617044","DSignal Liab 1 Dam 4",0.0547,1,0,0,0,0
"soallroundshighcosts","0.0010150671057617044","DSignal Liab 1 Dam 5",0.0659,1,0,0,0,0
"soallroundshighcosts","0.0010150671057617044","DSignal Liab 2 Dam 1",0.0666,0.984424,0.0124611,0.00311526,0,0
"soallroundshighcosts","0.0010150671057617044","DSignal Liab 2 Dam 2",0.0983,0.974684,0.021097,0.00421941,0,0
"soallroundshighcosts","0.0010150671057617044","DSignal Liab 2 Dam 3",0.1331,0.959502,0.029595,0.00778816,0.00155763,0.00155763
"soallroundshighcosts","0.0010150671057617044","DSignal Liab 2 Dam 4",0.1412,0.807636,0.0190896,0.165932,0.00734214,0
"soallroundshighcosts","0.0010150671057617044","DSignal Liab 2 Dam 5",0.0284,0.978102,0,0.00729927,0.0145985,0
"soallroundshighcosts","0.0010150671057617044","DSignal Liab 3 Dam 1",0.1843,0.868391,0.0494938,0.0742407,0.00787402,0
"soallroundshighcosts","0.0010150671057617044","DSignal Liab 3 Dam 2",0.1294,0.663462,0.0432692,0.262821,0.0304487,0
"soallroundshighcosts","0.0010150671057617044","DSignal Liab 3 Dam 3",0,,,,,
"soallroundshighcosts","0.0010150671057617044","DSignal Liab 3 Dam 4",0,,,,,
"soallroundshighcosts","0.0010150671057617044","DSignal Liab 3 Dam 5",0,,,,,
"soallroundshighcosts","0.0010150671057617044","DSignal Liab 4 Dam 1",0.0019,0,0.222222,0.555556,0.222222,0
"soallroundshighcosts","0.0010150671057617044","DSignal Liab 4 Dam 2",0,,,,,
"soallroundshighcosts","0.0010150671057617044","DSignal Liab 4 Dam 3",0,,,,,
"soallroundshighcosts","0.0010150671057617044","DSignal Liab 4 Dam 4",0,,,,,
"soallroundshighcosts","0.0010150671057617044","DSignal Liab 4 Dam 5",0,,,,,
"soallroundshighcosts","0.0010150671057617044","DSignal Liab 5 Dam 1",0,,,,,
"soallroundshighcosts","0.0010150671057617044","DSignal Liab 5 Dam 2",0,,,,,
"soallroundshighcosts","0.0010150671057617044","DSignal Liab 5 Dam 3",0,,,,,
"soallroundshighcosts","0.0010150671057617044","DSignal Liab 5 Dam 4",0,,,,,
"soallroundshighcosts","0.0010150671057617044","DSignal Liab 5 Dam 5",0,,,,,
