"Filter","All","NoDispute","DisputeArises","LitigQuality","PFiles","DAnswers","PBargains1","DBargains1","POffer1","DOffer1","POfferMixedness1","DOfferMixedness1","Settles1","PBet1","DBet1","PBetMixedness1","DBetMixedness1","PAbandons1","DDefaults1","PBargains2","DBargains2","POffer2","DOffer2","POfferMixedness2","DOfferMixedness2","Settles2","PBet2","DBet2","PBetMixedness2","DBetMixedness2","PAbandons2","DDefaults2","Trial","PWinPct","PWealth","DWealth","PWelfare","DWelfare","TotExpense","False+","False-","PDSWelfare","Chips","Settles","ValIfSettled","PAbandons","DDefaults","BothReadyToGiveUp","TrulyLiable","PrimaryAction","MutualOptimism","P Files","D Answers","PDoesntFile","DDoesntAnswer","Settles1","PAbandons1","DDefaults1","Settles2","PAbandons2","DDefaults2","P Loses","P Wins"
"All",1,0,1,0.500707,0.99976,0.99956,1,1,0.530093,0.213414,0.0539052,0.0421494,0.48416,,,,,0.00012,0.00016,1,1,0.5139,0.401913,0.0312024,0.0197559,0.29172,,,,,0.00028,8E-05,0.22304,0.696915,1022560,915309,1022560,915309,62128.2,42096.3,32332.1,0,0,0.77588,48131.2,0.0004,0.00024,0,0.5,0,-0.00172,0.99976,0.99956,0.00024,0.0002,0.48416,0.00012,0.00016,0.29172,0.00028,8E-05,0.0676,0.15544
"NoDispute",0,0,0,,,,,,,,,,,,,,,,,,,,,,,,,,,,,,,,,,,,,,,,,,,,,,,,,,,,,,,,,,,,
"DisputeArises",1,0,1,0.500707,0.99976,0.99956,1,1,0.530093,0.213414,0.0539052,0.0421494,0.48416,,,,,0.00012,0.00016,1,1,0.5139,0.401913,0.0312024,0.0197559,0.29172,,,,,0.00028,8E-05,0.22304,0.696915,1022560,915309,1022560,915309,62128.2,42096.3,32332.1,0,0,0.77588,48131.2,0.0004,0.00024,0,0.5,0,-0.00172,0.99976,0.99956,0.00024,0.0002,0.48416,0.00012,0.00016,0.29172,0.00028,8E-05,0.0676,0.15544
"Litigated",0.9996,0,0.99956,0.500707,1,1,1,1,0.530093,0.213414,0.0539052,0.0421494,0.484373,,,,,0.000120053,0.00016007,1,1,0.5139,0.401913,0.0312024,0.0197559,0.291848,,,,,0.000280123,8.00352E-05,0.223138,0.696915,1022540,915302,1022540,915302,62154.5,42093.8,32336.3,0,0,0.776222,48131.2,0.000400176,0.000240106,0,0.49998,0,-0.00156069,1,1,0,0,0.484373,0.000120053,0.00016007,0.291848,0.000280123,8.00352E-05,0.0676298,0.155508
"Settles",0.7759,0,0.77588,0.465639,1,1,1,1,0.456205,0.22384,0.0502359,0.0417668,0.624014,,,,,0,0,1,1,0.421729,0.449906,0.0229167,0.0178207,0.375986,,,,,0,0,0,,1022490,926229,1022490,926229,51279.6,36618.2,27026.7,0,0,1,48131.2,0,0,0,0.451565,0,-0.197299,1,1,0,0,0.624014,0,0,0.375986,0,0,0,0
"Tried",0.223,0,0.22304,0.622429,1,1,1,1,0.786496,0.177158,0.066611,0.0434267,0,,,,,0,0,1,1,0.634445,0.339401,0.0419634,0.0222272,0,,,,,0,0,1,0.696915,1022710,877291,1022710,877291,100000,61123.6,50771.2,0,0,0,,0,0,0,0.668042,0,0.678981,1,1,0,0,0,0,0,0,0,0,0.303085,0.696915
"Abandoned",0.0006,0,0.00064,0.59375,1,1,1,1,0.75,0.208333,0.0742519,0.0608761,0,,,,,0.1875,0.25,1,1,0.518519,0.240741,0.078336,0.0568412,0,,,,,0.4375,0.125,0,,1027810,915313,1027810,915313,56875,48437.5,44687.5,0,0,0,,0.625,0.375,0,0.625,0,0.125,1,1,0,0,0,0.1875,0.25,0,0.4375,0.125,0,0
"OneRound",0.4844,0,0.48444,0.358985,1,1,1,1,0.25086,0.252635,0.023042,0.0330545,0.999422,,,,,0.000247709,0.000330278,1,1,,,,,0,,,,,0,0,0,,1017770,942230,1017770,942230,40000,34110.5,18712.9,0,0,0.999422,37742.7,0.000247709,0.000330278,0,0.297498,0,-0.258443,1,1,0,0,0.999422,0.000247709,0.000330278,0,0,0,0,0
"TwoRounds",0.5151,0,0.51512,0.633988,1,1,1,1,0.792696,0.176528,0.0829303,0.0507026,0,,,,,0,0,1,1,0.5139,0.401913,0.0312024,0.0197559,0.566315,,,,,0.000543563,0.000155304,0.432986,0.696915,1027030,889978,1027030,889978,82989.6,49601.6,45148.3,0,0,0.566315,65372.6,0.000543563,0.000155304,0,0.690402,0,0.240022,1,1,0,0,0,0,0,0.566315,0.000543563,0.000155304,0.131232,0.301755
"ThreeRounds",0,0,0,,,,,,,,,,,,,,,,,,,,,,,,,,,,,,,,,,,,,,,,,,,,,,,,,,,,,,,,,,,,
"PrePrimary1",0,0,0,,,,,,,,,,,,,,,,,,,,,,,,,,,,,,,,,,,,,,,,,,,,,,,,,,,,,,,,,,,,
"PrePrimary2",0,0,0,,,,,,,,,,,,,,,,,,,,,,,,,,,,,,,,,,,,,,,,,,,,,,,,,,,,,,,,,,,,
"PrePrimary3",0,0,0,,,,,,,,,,,,,,,,,,,,,,,,,,,,,,,,,,,,,,,,,,,,,,,,,,,,,,,,,,,,
"PrePrimary4",0,0,0,,,,,,,,,,,,,,,,,,,,,,,,,,,,,,,,,,,,,,,,,,,,,,,,,,,,,,,,,,,,
"PrePrimary5",0,0,0,,,,,,,,,,,,,,,,,,,,,,,,,,,,,,,,,,,,,,,,,,,,,,,,,,,,,,,,,,,,
"PrePrimary6",0,0,0,,,,,,,,,,,,,,,,,,,,,,,,,,,,,,,,,,,,,,,,,,,,,,,,,,,,,,,,,,,,
"PrePrimary7",0,0,0,,,,,,,,,,,,,,,,,,,,,,,,,,,,,,,,,,,,,,,,,,,,,,,,,,,,,,,,,,,,
"PrePrimary8",0,0,0,,,,,,,,,,,,,,,,,,,,,,,,,,,,,,,,,,,,,,,,,,,,,,,,,,,,,,,,,,,,
"PrePrimary9",0,0,0,,,,,,,,,,,,,,,,,,,,,,,,,,,,,,,,,,,,,,,,,,,,,,,,,,,,,,,,,,,,
"PrePrimary10",0,0,0,,,,,,,,,,,,,,,,,,,,,,,,,,,,,,,,,,,,,,,,,,,,,,,,,,,,,,,,,,,,
"Truly Liable",0.5,0,0.5,0.654387,0.99976,0.99952,1,1,0.687477,0.251201,0.0673874,0.0615196,0.28776,,,,,0.00024,0.00024,1,1,0.531792,0.423762,0.0334203,0.0203551,0.41296,,,,,0.00016,0.00016,0.298,0.78604,1035420,894317,1035420,894317,70260.4,20494,64664.2,0,0,0.70072,66293.2,0.0004,0.0004,0,1,0,-0.00336,0.99976,0.99952,0.00024,0.00024,0.28776,0.00024,0.00024,0.41296,0.00016,0.00016,0.06376,0.23424
"Truly Not Liable",0.5,0,0.5,0.347027,0.99976,0.9996,1,1,0.372722,0.17563,0.0404241,0.0227809,0.68056,,,,,0,8E-05,1,1,0.473999,0.35319,0.0262565,0.0184196,0.17048,,,,,0.0004,0,0.14808,0.517558,1009700,936301,1009700,936301,53996,63698.6,0,0,0,0.85104,33177.1,0.0004,8E-05,0,0,0,-8E-05,0.99976,0.9996,0.00024,0.00016,0.68056,0,8E-05,0.17048,0.0004,0,0.07144,0.07664
"AllCount",25000,0,25000,0.500707,24994,24989,25000,25000,0.530093,0.213414,0.0539052,0.0421494,12104,,,,,3,4,25000,25000,0.5139,0.401913,0.0312024,0.0197559,7293,,,,,7,2,5576,3886,1022560,915309,1022560,915309,62128.2,42096.3,32332.1,0,0,19397,48131.2,10,6,0,12500,0,-0.00172,24994,24989,6,5,12104,3,4,7293,7,2,1690,3886
"Liability Strength1",0.2024,0,0.2024,0.166667,0.999802,0.999605,1,1,0.170786,0.16693,0.0193811,0.0145418,0.991304,,,,,0,0,1,1,0.31746,0.194444,0.0374571,0.0177019,0.00335968,,,,,0.000197628,0,0.004743,0,1004750,954869,1004750,954869,40376.5,43921.4,2750.99,0,0,0.994664,25047.2,0.000197628,0,0,0.0268775,0,-0.0013834,0.999802,0.999605,0.000197628,0.000197628,0.991304,0,0,0.00335968,0.000197628,0,0.00474308,0
"Liability Strength2",0.1557,0,0.15572,0.333333,0.999486,0.999486,1,1,0.283261,0.167481,0.0354957,0.0162312,0.809658,,,,,0,0,1,1,0.401218,0.249436,0.0192198,0.0175918,0.0701259,,,,,0.000513743,0,0.119188,0.133621,1000870,949884,1000870,949884,49249.9,37912.9,26361.4,0,0,0.879784,26974.5,0.000513743,0,0,0.244798,0,0.0197791,0.999486,0.999486,0.000513743,0,0.809658,0,0,0.0701259,0.000513743,0,0.103262,0.015926
"Liability Strength3",0.2777,0,0.27772,0.5,0.999712,0.999568,1,1,0.5939,0.171758,0.0639044,0.0259643,0.321763,,,,,0.00014403,0.00014403,1,1,0.458298,0.339215,0.0243149,0.0180711,0.375486,,,,,0.00043209,0,0.301599,0.494269,1011690,918955,1011690,918955,69356.9,45699.3,43574.5,0,0,0.697249,42413.8,0.00057612,0.00014403,0,0.50036,0,-0.0116664,0.999712,0.999568,0.00028806,0.00014403,0.321763,0.00014403,0.00014403,0.375486,0.00043209,0,0.152528,0.149071
"Liability Strength4",0.1636,0,0.16356,0.666667,1,0.999511,1,1,0.774611,0.226205,0.0720628,0.0604708,0.115921,,,,,0.000244559,0.000489117,1,1,0.546399,0.449954,0.0332164,0.0194709,0.545366,,,,,0,0,0.337491,0.863043,1042880,880529,1042880,880529,76593.3,47406.5,44887.5,0,0,0.661286,73788.8,0.000244559,0.000489117,0,0.750795,0,-0.00880411,1,0.999511,0,0.000489117,0.115921,0.000244559,0.000489117,0.545366,0,0,0.0462216,0.291269
"Liability Strength5",0.2006,0,0.2006,0.833333,0.999801,0.999601,1,1,0.796529,0.343208,0.0743819,0.0975918,0.244865,,,,,0.000199402,0.000199402,1,1,0.576218,0.46612,0.0401162,0.0225684,0.431904,,,,,0.000199402,0.000398804,0.321834,0.990087,1055860,871866,1055860,871866,72270.2,34184.4,41012,0,0,0.67677,91426,0.000398804,0.000598205,0,0.970489,0,0.000797607,0.999801,0.999601,0.000199402,0.000199402,0.244865,0.000199402,0.000199402,0.431904,0.000199402,0.000398804,0.00319043,0.318644
"PLiabilitySignal1",0.1911,0,0.19108,0.196706,0.999581,0.999372,1,1,0.167225,0.167155,0.0177852,0.0149972,0.997069,,,,,0,0,1,1,0.166667,0.212121,0.0749992,0.0281079,0.0023027,,,,,0,0,0,,1005040,954918,1005040,954918,40045,42073,6719.7,0,0,0.999372,25044.5,0,0,0,0.066569,0,-0.355244,0.999581,0.999372,0.000418673,0.000209336,0.997069,0,0,0.0023027,0,0,0,0
"PLiabilitySignal2",0.19,0,0.19,0.347158,0.999789,0.999789,1,1,0.168386,0.168913,0.0237107,0.0192445,0.993895,,,,,0,0,1,1,0.220238,0.208333,0.0869838,0.033136,0.00505263,,,,,0.000842105,0,0,,1005080,954750,1005080,954750,40168.4,32747.9,25628.4,0,0,0.998947,25192.3,0.000842105,0,0,0.275368,0,-0.168,0.999789,0.999789,0.000210526,0,0.993895,0,0,0.00505263,0.000842105,0,0,0
"PLiabilitySignal3",0.2284,0,0.2284,0.497986,0.99965,0.999299,1,1,0.671983,0.180599,0.0785265,0.0292426,0.202102,,,,,0.000175131,0.000175131,1,1,0.402015,0.343077,0.0175865,0.0193826,0.528897,,,,,0.000175131,0,0.267776,0.391105,1013070,915017,1013070,915017,71912.4,45727.7,41916.4,0,0,0.730998,50269.5,0.000350263,0.000175131,0,0.499124,0,-0.00875657,0.99965,0.999299,0.000350263,0.000350263,0.202102,0.000175131,0.000175131,0.528897,0.000175131,0,0.163047,0.104729
"PLiabilitySignal4",0.1988,0,0.19884,0.65168,1,0.999799,1,1,0.805869,0.24061,0.0700049,0.0595284,0.0983705,,,,,0,0.000402334,1,1,0.552318,0.416425,0.0350578,0.0184269,0.48964,,,,,0.000201167,0,0.411185,0.672701,1036990,883649,1036990,883649,79359.3,48122.1,44516.7,0,0,0.58801,79280.7,0.000201167,0.000402334,0,0.715148,0,0.147455,1,0.999799,0,0.000201167,0.0983705,0,0.000402334,0.48964,0.000201167,0,0.134581,0.276604
"PLiabilitySignal5",0.1917,0,0.19168,0.802588,0.999791,0.999583,1,1,0.795198,0.314509,0.0738062,0.0892627,0.203881,,,,,0.000417362,0.000208681,1,1,0.605512,0.457087,0.0423941,0.0216416,0.376461,,,,,0.000208681,0.000417362,0.417988,0.955067,1053700,869922,1053700,869922,76376.3,40808.1,40449.2,0,0,0.580342,90952,0.000626043,0.000626043,0,0.932596,0,0.369157,0.999791,0.999583,0.000208681,0.000208681,0.203881,0.000417362,0.000208681,0.376461,0.000208681,0.000417362,0.0187813,0.399207
"DLiabilitySignal1",0.1903,0,0.19032,0.196546,0.99979,0.99958,1,1,0.190636,0.166912,0.0218314,0.0143383,0.959647,,,,,0,0,1,1,0.392982,0.172807,0.0224858,0.0152567,0.00336276,,,,,0.000210172,0,0.03636,0.144509,1003570,954153,1003570,954153,42273,42650.3,7237.28,0,0,0.96301,25043.6,0.000210172,0,0,0.0672551,0,0.349937,0.99979,0.99958,0.000210172,0.000210172,0.959647,0,0,0.00336276,0.000210172,0,0.0311055,0.0052543
"DLiabilitySignal2",0.1942,0,0.19416,0.346106,0.999588,0.999588,1,1,0.354046,0.167079,0.0405951,0.0151082,0.699011,,,,,0,0,1,1,0.451337,0.262737,0.0237905,0.0161569,0.0885867,,,,,0.000412031,0,0.211578,0.399221,1003090,941557,1003090,941557,55348.2,41993.2,26968.5,0,0,0.787598,27766.2,0.000412031,0,0,0.274619,0,0.169963,0.999588,0.999588,0.000412031,0,0.699011,0,0,0.0885867,0.000412031,0,0.127112,0.0844664
"DLiabilitySignal3",0.2227,0,0.22268,0.501317,0.99982,0.999641,1,1,0.58242,0.168673,0.0607226,0.0204848,0.338423,,,,,0.00017963,0.00017963,1,1,0.477258,0.313083,0.0265934,0.0171821,0.327825,,,,,0.00053889,0,0.332495,0.599136,1012840,917377,1012840,917377,69787.1,46140.7,42516.2,0,0,0.666248,37358.5,0.00071852,0.00017963,0,0.495779,0,0.0335908,0.99982,0.999641,0.00017963,0.00017963,0.338423,0.00017963,0.00017963,0.327825,0.00053889,0,0.133285,0.19921
"DLiabilitySignal4",0.1991,0,0.19912,0.649491,0.999799,0.999598,1,1,0.714697,0.176045,0.0700435,0.0488491,0.134592,,,,,0.000401768,0.000200884,1,1,0.544117,0.478929,0.0326479,0.0199041,0.580554,,,,,0,0,0.283849,0.884643,1035420,890152,1035420,890152,74432.5,43263.4,45600.1,0,0,0.715147,63311.1,0.000401768,0.000200884,0,0.725191,0,-0.179389,0.999799,0.999598,0.000200884,0.000200884,0.134592,0.000401768,0.000200884,0.580554,0,0,0.0327441,0.251105
"DLiabilitySignal5",0.1937,0,0.19372,0.800847,0.999794,0.999381,1,1,0.790186,0.39542,0.0743352,0.114608,0.328515,,,,,0,0.000412967,1,1,0.550559,0.47644,0.0383495,0.0243562,0.440223,,,,,0.000206484,0.000412967,0.22961,0.982014,1058700,874322,1058700,874322,66979.1,35806.8,37017.9,0,0,0.768738,93674.5,0.000206484,0.000825934,0,0.924427,0,-0.377246,0.999794,0.999381,0.000206484,0.000412967,0.328515,0,0.000412967,0.440223,0.000206484,0.000412967,0.00412967,0.22548
"MutOptLiability5",0,0,0,,,,,,,,,,,,,,,,,,,,,,,,,,,,,,,,,,,,,,,,,,,,,,,,,,,,,,,,,,,,
"MutOptLiability4",0,0,0,,,,,,,,,,,,,,,,,,,,,,,,,,,,,,,,,,,,,,,,,,,,,,,,,,,,,,,,,,,,
"MutOptLiability3",0.0014,0,0.00136,0.480392,1,1,1,1,0.813725,0.166667,0.0668228,0.0147366,0,,,,,0,0,1,1,0.593137,0.210784,0.036938,0.0141452,0,,,,,0,0,1,0.5,1008090,891912,1008090,891912,100000,73529.4,37500,0,0,0,,0,0,0,0.411765,0,3,1,1,0,0,0,0,0,0,0,0,0.5,0.5
"MutOptLiability2",0.0291,0,0.02908,0.500917,1,1,1,1,0.784503,0.166667,0.0645144,0.0165063,0.03989,,,,,0,0,1,1,0.561843,0.270296,0.0346488,0.0132873,0.0618982,,,,,0,0,0.898212,0.514548,1004720,899529,1004720,899529,95749.7,59652.7,44910.6,0,0,0.101788,40709.5,0,0,0,0.496561,0,2,1,1,0,0,0.03989,0,0,0.0618982,0,0,0.436039,0.462173
"MutOptLiability1",0.2108,0,0.21076,0.501613,1,1,1,1,0.617669,0.169514,0.0617411,0.0246555,0.283166,,,,,0.000379579,0.000189789,1,1,0.549682,0.352941,0.0335593,0.0167866,0.234769,,,,,0.000569368,0,0.480926,0.649566,1016900,907188,1016900,907188,75915.7,49852,37005.1,0,0,0.517935,40179.6,0.000948947,0.000189789,0,0.498956,0,1,1,1,0,0,0.283166,0.000379579,0.000189789,0.234769,0.000569368,0,0.168533,0.312393
"MutOptLiability0",0.5188,0,0.51876,0.498792,0.999692,0.99946,1,1,0.518799,0.222149,0.052968,0.0449321,0.514149,,,,,7.71069E-05,0.000154214,1,1,0.511392,0.414031,0.0322441,0.0209402,0.315213,,,,,0.000154214,0.000154214,0.169558,0.793543,1024760,915621,1024760,915621,59618.7,41152.2,29521,0,0,0.829362,49432.9,0.000231321,0.000308428,0,0.498959,0,0,0.999692,0.99946,0.000308428,0.000231321,0.514149,7.71069E-05,0.000154214,0.315213,0.000154214,0.000154214,0.0350066,0.134552
"MutOptLiability-1",0.2069,0,0.20692,0.505058,0.999613,0.999227,1,1,0.468143,0.23786,0.0495023,0.053839,0.616084,,,,,0,0,1,1,0.442987,0.498655,0.0225722,0.0238594,0.3526,,,,,0.000386623,0,0.030157,0.910256,1026030,921605,1026030,921605,52370,35739.4,32413,0,0,0.968684,51040.2,0.000386623,0,0,0.508796,0,-1,0.999613,0.999227,0.000386623,0.000386623,0.616084,0,0,0.3526,0.000386623,0,0.00270636,0.0274502
"MutOptLiability-2",0.0316,0,0.0316,0.498945,1,1,1,1,0.307595,0.246203,0.0371651,0.0598417,0.874684,,,,,0,0.00126582,1,1,0.365646,0.554422,0.0213686,0.0229382,0.124051,,,,,0,0,0,,1019150,937127,1019150,937127,43721.5,30620.3,34702.5,0,0,0.998734,40874.5,0,0.00126582,0,0.475949,0,-2,1,1,0,0,0.874684,0,0.00126582,0.124051,0,0,0,0
"MutOptLiability-3",0.0015,0,0.00148,0.486486,1,1,1,1,0.171171,0.252252,0.0195159,0.0697262,0.972973,,,,,0,0,1,1,0.166667,0.666667,0.0511372,0.0359959,0.027027,,,,,0,0,0,,1012030,947162,1012030,947162,40810.8,28445.9,39256.8,0,0,1,32432.4,0,0,0,0.459459,0,-3,1,1,0,0,0.972973,0,0,0.027027,0,0,0,0
"MutOptLiability-4",4E-05,0,4E-05,0.5,1,1,1,1,0.166667,0.166667,0.0177732,0.303441,1,,,,,0,0,1,1,,,,,0,,,,,0,0,0,,1005000,955000,1005000,955000,40000,45000,0,0,0,1,25000,0,0,0,0,0,-4,1,1,0,0,1,0,0,0,0,0,0,0
"MutOptLiability-5",0,0,0,,,,,,,,,,,,,,,,,,,,,,,,,,,,,,,,,,,,,,,,,,,,,,,,,,,,,,,,,,,,
"Truly Liable MutOptLiability5",0,0,0,,,,,,,,,,,,,,,,,,,,,,,,,,,,,,,,,,,,,,,,,,,,,,,,,,,,,,,,,,,,
"Truly Liable MutOptLiability4",0,0,0,,,,,,,,,,,,,,,,,,,,,,,,,,,,,,,,,,,,,,,,,,,,,,,,,,,,,,,,,,,,
"Truly Liable MutOptLiability3",0.0006,0,0.00056,0.511905,1,1,1,1,0.809524,0.166667,0.0833867,0.0147152,0,,,,,0,0,1,1,0.559524,0.202381,0.0433688,0.0147235,0,,,,,0,0,1,0.5,1008930,891071,1008930,891071,100000,25000,91071.4,0,0,0,,0,0,0,1,0,3,1,1,0,0,0,0,0,0,0,0,0.5,0.5
"Truly Liable MutOptLiability2",0.0144,0,0.01444,0.559557,1,1,1,1,0.792705,0.166667,0.0666844,0.0173755,0.0221607,,,,,0,0,1,1,0.577904,0.282342,0.0359908,0.013349,0.0941828,,,,,0,0,0.883657,0.61442,1013090,891066,1013090,891066,95844.9,26731.3,90443.2,0,0,0.116343,45238.1,0,0,0,1,0,2,1,1,0,0,0.0221607,0,0,0.0941828,0,0,0.34072,0.542936
"Truly Liable MutOptLiability1",0.1052,0,0.10516,0.628439,1,1,1,1,0.741156,0.171168,0.0697878,0.0316407,0.0905287,,,,,0.000760746,0.000380373,1,1,0.576703,0.38163,0.035849,0.0169524,0.308863,,,,,0.000380373,0,0.599087,0.749206,1027690,887086,1027690,887086,85222.5,26814.4,74165.1,0,0,0.399391,53071.4,0.00114112,0.000380373,0,1,0,1,1,1,0,0,0.0905287,0.000760746,0.000380373,0.308863,0.000380373,0,0.150247,0.44884
"Truly Liable MutOptLiability0",0.2588,0,0.25884,0.686602,0.999691,0.999382,1,1,0.710144,0.273001,0.0701874,0.0699611,0.2811,,,,,0.000154536,0.000154536,1,1,0.531784,0.4322,0.0352491,0.0216595,0.456807,,,,,0.000154536,0.000309071,0.260702,0.845287,1039590,891074,1039590,891074,69337,22291.4,59165.1,0,0,0.737908,71486.9,0.000309071,0.000463607,0,1,0,0,0.999691,0.999382,0.000309071,0.000309071,0.2811,0.000154536,0.000154536,0.456807,0.000154536,0.000309071,0.0403338,0.220368
"Truly Liable MutOptLiability-1",0.1053,0,0.10528,0.630319,0.99962,0.99924,1,1,0.610583,0.285425,0.061681,0.0756487,0.459726,,,,,0,0,1,1,0.4527,0.498122,0.0234321,0.023671,0.490122,,,,,0,0,0.049392,0.915385,1037610,904749,1037610,904749,57638.7,11414.3,63705.4,0,0,0.949848,65190,0,0,0,1,0,-1,0.99962,0.99924,0.000379939,0.000379939,0.459726,0,0,0.490122,0,0,0.00417933,0.0452128
"Truly Liable MutOptLiability-2",0.015,0,0.01504,0.551862,1,1,1,1,0.378103,0.279699,0.0446223,0.0706338,0.81117,,,,,0,0.00265957,1,1,0.366667,0.55,0.0168487,0.019057,0.18617,,,,,0,0,0,,1025880,928537,1025880,928537,45585.1,3696.81,72912.2,0,0,0.99734,48400,0,0.00265957,0,1,0,-2,1,1,0,0,0.81117,0,0.00265957,0.18617,0,0,0,0
"Truly Liable MutOptLiability-3",0.0007,0,0.00068,0.529412,1,1,1,1,0.166667,0.27451,0.0191188,0.0594564,1,,,,,0,0,1,1,,,,,0,,,,,0,0,0,,1013090,946912,1013090,946912,40000,0,85441.2,0,0,1,33088.2,0,0,0,1,0,-3,1,1,0,0,1,0,0,0,0,0,0,0
"Truly Liable MutOptLiability-4",0,0,0,,,,,,,,,,,,,,,,,,,,,,,,,,,,,,,,,,,,,,,,,,,,,,,,,,,,,,,,,,,,
"Truly Liable MutOptLiability-5",0,0,0,,,,,,,,,,,,,,,,,,,,,,,,,,,,,,,,,,,,,,,,,,,,,,,,,,,,,,,,,,,,
"Truly Not Liable MutOptLiability5",0,0,0,,,,,,,,,,,,,,,,,,,,,,,,,,,,,,,,,,,,,,,,,,,,,,,,,,,,,,,,,,,,
"Truly Not Liable MutOptLiability4",0,0,0,,,,,,,,,,,,,,,,,,,,,,,,,,,,,,,,,,,,,,,,,,,,,,,,,,,,,,,,,,,,
"Truly Not Liable MutOptLiability3",0.0008,0,0.0008,0.458333,1,1,1,1,0.816667,0.166667,0.055228,0.0147516,0,,,,,0,0,1,1,0.616667,0.216667,0.0324363,0.0137404,0,,,,,0,0,1,0.5,1007500,892500,1007500,892500,100000,107500,0,0,0,0,,0,0,0,0,0,3,1,1,0,0,0,0,0,0,0,0,0.5,0.5
"Truly Not Liable MutOptLiability2",0.0146,0,0.01464,0.443078,1,1,1,1,0.776412,0.166667,0.0623741,0.015649,0.057377,,,,,0,0,1,1,0.545411,0.257971,0.0332756,0.0132241,0.0300546,,,,,0,0,0.912568,0.419162,996469,907876,996469,907876,95655.7,92124.3,0,0,0,0.0874317,34765.6,0,0,0,0,0,2,1,1,0,0,0.057377,0,0,0.0300546,0,0,0.530055,0.382514
"Truly Not Liable MutOptLiability1",0.1056,0,0.1056,0.375316,1,1,1,1,0.494697,0.167866,0.0537281,0.0176995,0.475,,,,,0,0,1,1,0.503127,0.303511,0.0296144,0.0165009,0.160985,,,,,0.000757576,0,0.363258,0.485923,1006150,927206,1006150,927206,66647.7,72793.6,0,0,0,0.635985,32117.3,0.000757576,0,0,0,0,1,1,1,0,0,0.475,0,0,0.160985,0.000757576,0,0.186742,0.176515
"Truly Not Liable MutOptLiability0",0.2599,0,0.25992,0.311763,0.999692,0.999538,1,1,0.328278,0.171517,0.0358229,0.0200109,0.74623,,,,,0,0.000153894,1,1,0.453799,0.362715,0.023757,0.018909,0.174207,,,,,0.000153894,0,0.078793,0.623047,1009990,940065,1009990,940065,49940.8,59934.6,0,0,0,0.920437,31825.8,0.000153894,0.000153894,0,0,0,0,0.999692,0.999538,0.000307787,0.000153894,0.74623,0,0.000153894,0.174207,0.000153894,0,0.0297014,0.049092
"Truly Not Liable MutOptLiability-1",0.1016,0,0.10164,0.375312,0.999606,0.999213,1,1,0.320599,0.188591,0.036887,0.0312476,0.77804,,,,,0,0,1,1,0.418446,0.5,0.0203993,0.0243356,0.210153,,,,,0.000787092,0,0.010232,0.884615,1014020,939064,1014020,939064,46912.6,60935.7,0,0,0,0.988194,36952.4,0.000787092,0,0,0,0,-1,0.999606,0.999213,0.000393546,0.000393546,0.77804,0,0,0.210153,0.000787092,0,0.00118064,0.0090516
"Truly Not Liable MutOptLiability-2",0.0166,0,0.01656,0.450886,1,1,1,1,0.243559,0.215781,0.0303923,0.0500401,0.932367,,,,,0,0,1,1,0.363095,0.565476,0.0326682,0.0326414,0.0676329,,,,,0,0,0,,1013040,944928,1013040,944928,42029,55072.5,0,0,0,1,34058,0,0,0,0,0,-2,1,1,0,0,0.932367,0,0,0.0676329,0,0,0,0
"Truly Not Liable MutOptLiability-3",0.0008,0,0.0008,0.45,1,1,1,1,0.175,0.233333,0.0198535,0.0784555,0.95,,,,,0,0,1,1,0.166667,0.666667,0.0511372,0.0359959,0.05,,,,,0,0,0,,1011130,947375,1011130,947375,41500,52625,0,0,0,1,31875,0,0,0,0,0,-3,1,1,0,0,0.95,0,0,0.05,0,0,0,0
"Truly Not Liable MutOptLiability-4",4E-05,0,4E-05,0.5,1,1,1,1,0.166667,0.166667,0.0177732,0.303441,1,,,,,0,0,1,1,,,,,0,,,,,0,0,0,,1005000,955000,1005000,955000,40000,45000,0,0,0,1,25000,0,0,0,0,0,-4,1,1,0,0,1,0,0,0,0,0,0,0
"Truly Not Liable MutOptLiability-5",0,0,0,,,,,,,,,,,,,,,,,,,,,,,,,,,,,,,,,,,,,,,,,,,,,,,,,,,,,,,,,,,,
"High Quality",0,0,0,,,,,,,,,,,,,,,,,,,,,,,,,,,,,,,,,,,,,,,,,,,,,,,,,,,,,,,,,,,,
"High Quality Liable MutOptLiability5",0,0,0,,,,,,,,,,,,,,,,,,,,,,,,,,,,,,,,,,,,,,,,,,,,,,,,,,,,,,,,,,,,
"High Quality Liable MutOptLiability4",0,0,0,,,,,,,,,,,,,,,,,,,,,,,,,,,,,,,,,,,,,,,,,,,,,,,,,,,,,,,,,,,,
"High Quality Liable MutOptLiability3",0,0,0,,,,,,,,,,,,,,,,,,,,,,,,,,,,,,,,,,,,,,,,,,,,,,,,,,,,,,,,,,,,
"High Quality Liable MutOptLiability2",0,0,0,,,,,,,,,,,,,,,,,,,,,,,,,,,,,,,,,,,,,,,,,,,,,,,,,,,,,,,,,,,,
"High Quality Liable MutOptLiability1",0,0,0,,,,,,,,,,,,,,,,,,,,,,,,,,,,,,,,,,,,,,,,,,,,,,,,,,,,,,,,,,,,
"High Quality Liable MutOptLiability0",0,0,0,,,,,,,,,,,,,,,,,,,,,,,,,,,,,,,,,,,,,,,,,,,,,,,,,,,,,,,,,,,,
"High Quality Liable MutOptLiability-1",0,0,0,,,,,,,,,,,,,,,,,,,,,,,,,,,,,,,,,,,,,,,,,,,,,,,,,,,,,,,,,,,,
"High Quality Liable MutOptLiability-2",0,0,0,,,,,,,,,,,,,,,,,,,,,,,,,,,,,,,,,,,,,,,,,,,,,,,,,,,,,,,,,,,,
"High Quality Liable MutOptLiability-3",0,0,0,,,,,,,,,,,,,,,,,,,,,,,,,,,,,,,,,,,,,,,,,,,,,,,,,,,,,,,,,,,,
"High Quality Liable MutOptLiability-4",0,0,0,,,,,,,,,,,,,,,,,,,,,,,,,,,,,,,,,,,,,,,,,,,,,,,,,,,,,,,,,,,,
"High Quality Liable MutOptLiability-5",0,0,0,,,,,,,,,,,,,,,,,,,,,,,,,,,,,,,,,,,,,,,,,,,,,,,,,,,,,,,,,,,,
"Damages Strength1",0.2003,0,0.20032,0.495873,0.999601,0.999201,1,1,0.417299,0.168399,0.0757138,0.02263,0.569289,,,,,0,0.000199681,1,1,0.369037,0.317379,0.0235667,0.0157208,0.336661,,,,,0.000199681,0,0.092851,0.754839,1007800,936552,1007800,936552,55647,39443.4,19428.9,0,0,0.90595,34425.3,0.000199681,0.000199681,0,0.495407,0,-0.00279553,0.999601,0.999201,0.000399361,0.000399361,0.569289,0,0.000199681,0.336661,0.000199681,0,0.0227636,0.0700879
"Damages Strength2",0.2009,0,0.20088,0.507003,0.999403,0.999204,1,1,0.511592,0.175568,0.0747908,0.034105,0.436878,,,,,0,0.000398248,1,1,0.451158,0.345913,0.0303074,0.0220496,0.320988,,,,,0.000597372,0.000199124,0.240143,0.770315,1011610,924357,1011610,924357,64031.3,41011.5,28864,0,0,0.757865,38472.1,0.000597372,0.000597372,0,0.504381,0,-0.0173238,0.999403,0.999204,0.000597372,0.000199124,0.436878,0,0.000398248,0.320988,0.000597372,0.000199124,0.0551573,0.184986
"Damages Strength3",0.1974,0,0.19736,0.507161,1,0.999797,1,1,0.57264,0.19525,0.0452292,0.0475538,0.402513,,,,,0.000202675,0.000202675,1,1,0.529768,0.421449,0.02762,0.0181106,0.35306,,,,,0,0,0.243818,0.756442,1023720,911068,1023720,911068,65213.8,44875.9,32007.5,0,0,0.755574,50030.2,0.000202675,0.000202675,0,0.507296,0,-0.00972842,1,0.999797,0,0.000202675,0.402513,0.000202675,0.000202675,0.35306,0,0,0.0593839,0.184435
"Damages Strength4",0.1986,0,0.1986,0.499295,0.999799,0.999799,1,1,0.580177,0.245064,0.0341254,0.0619588,0.474723,,,,,0,0,1,1,0.568853,0.461066,0.0366263,0.018527,0.291239,,,,,0,0,0.233837,0.645995,1031700,905544,1031700,905544,62759.3,43213,37501,0,0,0.765962,58690.5,0,0,0,0.500302,0,0.0215509,0.999799,0.999799,0.00020141,0,0.474723,0,0,0.291239,0,0,0.0827795,0.151057
"Damages Strength5",0.2028,0,0.20284,0.494347,1,0.999803,1,1,0.569297,0.281986,0.039517,0.0447232,0.535595,,,,,0.0003944,0,1,1,0.640944,0.45642,0.0377362,0.0241181,0.15914,,,,,0.000591599,0.0001972,0.303885,0.613887,1037920,899059,1037920,899059,63024.1,41992.7,43764.5,0,0,0.694735,62808.7,0.000985999,0.0001972,0,0.492802,0,-0.0001972,1,0.999803,0,0.0001972,0.535595,0.0003944,0,0.15914,0.000591599,0.0001972,0.117334,0.186551
"PDamagesSignal1",0.1964,0,0.19636,0.497488,0.999593,0.999185,1,1,0.383928,0.170065,0.0716549,0.0251473,0.623345,,,,,0,0,1,1,0.334417,0.332611,0.0182466,0.0180235,0.347118,,,,,0.000203707,0.000203707,0.028315,0.647482,1008540,939362,1008540,939362,52094.1,35205.2,21665.8,0,0,0.970462,34417,0.000203707,0.000203707,0,0.495417,0,0.00244449,0.999593,0.999185,0.000407415,0.000407415,0.623345,0,0,0.347118,0.000203707,0.000203707,0.00998167,0.0183337
"PDamagesSignal2",0.2007,0,0.20072,0.503554,0.999801,0.999801,1,1,0.534815,0.178859,0.0913721,0.0348268,0.39458,,,,,0,0.000398565,1,1,0.437013,0.347556,0.0359043,0.0195602,0.36389,,,,,0.000597848,0,0.240335,0.771144,1012640,922010,1012640,922010,65346.8,43184.5,28111.3,0,0,0.75847,41395.2,0.000597848,0.000398565,0,0.505779,0,-0.0103627,0.999801,0.999801,0.000199283,0,0.39458,0,0.000398565,0.36389,0.000597848,0,0.055002,0.185333
"PDamagesSignal3",0.2031,0,0.20312,0.506302,0.999606,0.999212,1,1,0.578275,0.202207,0.0339309,0.0472717,0.417684,,,,,0,0.000393856,1,1,0.542133,0.416977,0.0192395,0.0182982,0.322568,,,,,0,0,0.258566,0.744097,1023810,911032,1023810,911032,65161.5,45471.2,31054.1,0,0,0.740252,51326.8,0,0.000393856,0,0.502166,0,-0.0224498,0.999606,0.999212,0.000393856,0.000393856,0.417684,0,0.000393856,0.322568,0,0,0.0661678,0.192399
"PDamagesSignal4",0.1978,0,0.19784,0.501415,0.999798,0.999798,1,1,0.582036,0.24058,0.0320027,0.0546148,0.464416,,,,,0.000202184,0,1,1,0.550434,0.449566,0.0421215,0.019037,0.306308,,,,,0,0,0.228872,0.688163,1030650,906435,1030650,906435,62913.5,42335.7,38272.8,0,0,0.770724,56896,0.000202184,0,0,0.501213,0,0.0186009,0.999798,0.999798,0.000202184,0,0.464416,0.000202184,0,0.306308,0,0,0.0713708,0.157501
"PDamagesSignal5",0.202,0,0.20196,0.494685,1,0.999802,1,1,0.568113,0.274531,0.0409544,0.0485879,0.524064,,,,,0.000396118,0,1,1,0.674097,0.452847,0.0378828,0.0239205,0.120816,,,,,0.000594177,0.000198059,0.353733,0.621501,1036880,898260,1036880,898260,64865.3,44086,42363.3,0,0,0.64488,62119.9,0.000990295,0.000198059,0,0.495346,0,0.00376312,1,0.999802,0,0.000198059,0.524064,0.000396118,0,0.120816,0.000594177,0.000198059,0.133888,0.219846
"DDamagesSignal1",0.1978,0,0.1978,0.498349,0.999596,0.999393,1,1,0.436261,0.167678,0.0748592,0.0194393,0.545399,,,,,0,0.000404449,1,1,0.394264,0.313642,0.0254,0.0133598,0.31547,,,,,0.000404449,0,0.137715,0.776799,1008090,934194,1008090,934194,57715.9,39441.4,22170.9,0,0,0.86087,34158.4,0.000404449,0.000404449,0,0.501112,0,0.0091001,0.999596,0.999393,0.000404449,0.000202224,0.545399,0,0.000404449,0.31547,0.000404449,0,0.0307381,0.106977
"DDamagesSignal2",0.2019,0,0.20188,0.504491,0.999406,0.999009,1,1,0.507107,0.174798,0.0691586,0.0350348,0.447196,,,,,0,0.000198138,1,1,0.452047,0.317708,0.0278666,0.0257303,0.288092,,,,,0.000396275,0.000198138,0.262928,0.765637,1011070,924531,1011070,924531,64398.7,41491.5,29141.1,0,0,0.735288,35479,0.000396275,0.000396275,0,0.500297,0,-0.0110957,0.999406,0.999009,0.000594413,0.000396275,0.447196,0,0.000198138,0.288092,0.000396275,0.000198138,0.0616208,0.201308
"DDamagesSignal3",0.1998,0,0.19976,0.507376,0.9998,0.9998,1,1,0.55925,0.177682,0.0494911,0.0397632,0.384662,,,,,0,0.00020024,1,1,0.534625,0.438348,0.031383,0.0158273,0.377653,,,,,0,0,0.237285,0.746835,1022330,912115,1022330,912115,65558.7,44496.9,32976.6,0,0,0.762315,47780.4,0,0.00020024,0,0.506408,0,-0.00120144,0.9998,0.9998,0.00020024,0,0.384662,0,0.00020024,0.377653,0,0,0.0600721,0.177213
"DDamagesSignal4",0.1996,0,0.19956,0.499599,1,0.9998,1,1,0.577185,0.257852,0.0377966,0.082104,0.49549,,,,,0.000200441,0,1,1,0.568721,0.486216,0.0345292,0.0199113,0.303468,,,,,0.000200441,0.000200441,0.200241,0.623624,1034210,904671,1034210,904671,61123.5,42583.2,36053.3,0,0,0.798958,61634.5,0.000400882,0.000200441,0,0.506113,0,-0.0274604,1,0.9998,0,0.000200441,0.49549,0.000200441,0,0.303468,0.000200441,0.000200441,0.0753658,0.124875
"DDamagesSignal5",0.201,0,0.201,0.493698,1,0.999801,1,1,0.569732,0.288548,0.0383654,0.0343323,0.548657,,,,,0.00039801,0,1,1,0.619426,0.449816,0.0371098,0.0239007,0.174925,,,,,0.00039801,0,0.275423,0.601879,1037020,901201,1037020,901201,61778.1,42447.3,41201.5,0,0,0.723582,62967.5,0.00079602,0,0,0.486169,0,0.0220896,1,0.999801,0,0.000199005,0.548657,0.00039801,0,0.174925,0.00039801,0,0.109652,0.165771
"MutOptDamages5",0,0,0,,,,,,,,,,,,,,,,,,,,,,,,,,,,,,,,,,,,,,,,,,,,,,,,,,,,,,,,,,,,
"MutOptDamages4",0,0,0,,,,,,,,,,,,,,,,,,,,,,,,,,,,,,,,,,,,,,,,,,,,,,,,,,,,,,,,,,,,
"MutOptDamages3",0.001,0,0.00096,0.555556,1,1,1,1,0.611111,0.180556,0.0333104,0.0331481,0.333333,,,,,0,0,1,1,0.677083,0.3125,0.0318166,0.0237264,0.0833333,,,,,0,0,0.583333,0.714286,1015420,907083,1015420,907083,77500,37708.3,46250,0,0,0.416667,30000,0,0,0,0.666667,0,-0.0833333,1,1,0,0,0.333333,0,0,0.0833333,0,0,0.166667,0.416667
"MutOptDamages2",0.0285,0,0.02852,0.514259,1,1,1,1,0.566152,0.173446,0.0355074,0.0326593,0.381487,,,,,0,0.00140252,1,1,0.610606,0.354167,0.0351422,0.018032,0.110799,,,,,0,0,0.506311,0.770083,1019060,907241,1019060,907241,73702.7,47107.3,36739.1,0,0,0.492286,33297.7,0,0.00140252,0,0.525947,0,-0.0196353,1,1,0,0,0.381487,0,0.00140252,0.110799,0,0,0.11641,0.389902
"MutOptDamages1",0.2118,0,0.21176,0.502361,0.999433,0.999244,1,1,0.566226,0.19666,0.0508451,0.0446817,0.406498,,,,,0.000188893,0.000188893,1,1,0.55692,0.377126,0.0350078,0.0194058,0.225349,,,,,0.000377786,0.000188893,0.366453,0.750515,1020810,910452,1020810,910452,68735.4,46397.3,34221.8,0,0,0.631847,44372.2,0.000566679,0.000377786,0,0.505289,0,-0.00340008,0.999433,0.999244,0.000566679,0.000188893,0.406498,0.000188893,0.000188893,0.225349,0.000377786,0.000188893,0.0914243,0.275028
"MutOptDamages0",0.5208,0,0.52084,0.499053,0.99977,0.999616,1,1,0.520103,0.215837,0.0539889,0.0388084,0.504032,,,,,7.6799E-05,0.000153598,1,1,0.514367,0.399638,0.0302475,0.0195283,0.285155,,,,,0.000383995,0,0.209815,0.656296,1022460,916396,1022460,916396,61140.5,41364.9,32002.7,0,0,0.789187,48093.9,0.000460794,0.000153598,0,0.496045,0,0.00860149,0.99977,0.999616,0.000230397,0.000153598,0.504032,7.6799E-05,0.000153598,0.285155,0.000383995,0,0.0721143,0.137701
"MutOptDamages-1",0.2094,0,0.2094,0.501019,1,0.999618,1,1,0.519746,0.222817,0.0579279,0.0468124,0.510029,,,,,0.000191022,0,1,1,0.451991,0.435662,0.0287271,0.0208733,0.394269,,,,,0,0.000191022,0.094938,0.663984,1024230,918253,1024230,918253,57516.7,39290.4,31601.7,0,0,0.904298,50987.5,0.000191022,0.000191022,0,0.503343,0,-0.0164279,1,0.999618,0,0.000382044,0.510029,0.000191022,0,0.394269,0,0.000191022,0.0319007,0.0630372
"MutOptDamages-2",0.0275,0,0.02752,0.503391,1,1,1,1,0.483527,0.264777,0.0645056,0.0600138,0.611919,,,,,0,0,1,1,0.426342,0.504994,0.0265588,0.0209808,0.343023,,,,,0,0,0.045058,0.612903,1028950,918052,1028950,918052,52994.2,38960.8,25152.6,0,0,0.954942,55289.2,0,0,0,0.481105,0,-0.0465116,1,1,0,0,0.611919,0,0,0.343023,0,0,0.0174419,0.0276163
"MutOptDamages-3",0.001,0,0.001,0.433333,1,1,1,1,0.426667,0.286667,0.0685809,0.0574034,0.72,,,,,0,0,1,1,0.357143,0.52381,0.0402703,0.0298724,0.24,,,,,0,0,0.04,0,1026200,924200,1026200,924200,49600,47400,15200,0,0,0.96,53125,0,0,0,0.36,0,-0.12,1,1,0,0,0.72,0,0,0.24,0,0,0.04,0
"MutOptDamages-4",0,0,0,,,,,,,,,,,,,,,,,,,,,,,,,,,,,,,,,,,,,,,,,,,,,,,,,,,,,,,,,,,,
"MutOptDamages-5",0,0,0,,,,,,,,,,,,,,,,,,,,,,,,,,,,,,,,,,,,,,,,,,,,,,,,,,,,,,,,,,,,
"PSignal Liab 1 Dam 1",0.0401,0,0.04008,0.195442,0.999002,0.998004,1,1,0.166833,0.166667,0.0175097,0.0145074,0.997006,,,,,0,0,1,1,0.166667,0.166667,0.0542876,0.0205617,0.000998004,,,,,0,0,0,,1005120,954925,1005120,954925,39955.1,43188.6,2110.78,0,0,0.998004,25000,0,0,0,0.0419162,0,-0.299401,0.999002,0.998004,0.000998004,0.000998004,0.997006,0,0,0.000998004,0,0,0,0
"PSignal Liab 1 Dam 2",0.0352,0,0.03516,0.196625,1,1,1,1,0.167046,0.167046,0.0175907,0.0146084,0.998862,,,,,0,0,1,1,0.166667,0.166667,0.105199,0.0266873,0.00113766,,,,,0,0,0,,1005010,954954,1005010,954954,40034.1,42332.2,4163.82,0,0,1,25028.4,0,0,0,0.0602958,0,-0.316268,1,1,0,0,0.998862,0,0,0.00113766,0,0,0,0
"PSignal Liab 1 Dam 3",0.038,0,0.03804,0.201016,0.998948,0.998948,1,1,0.167368,0.167368,0.0177732,0.015237,0.995794,,,,,0,0,1,1,0.166667,0.166667,0.0698755,0.0273731,0.00315457,,,,,0,0,0,,1005000,954947,1005000,954947,40052.6,41976.9,6519.45,0,0,0.998948,25052.6,0,0,0,0.0683491,0,-0.403785,0.998948,0.998948,0.00105152,0,0.995794,0,0,0.00315457,0,0,0,0
"PSignal Liab 1 Dam 4",0.038,0,0.038,0.197368,1,1,1,1,0.166667,0.167544,0.0179676,0.0152943,1,,,,,0,0,1,1,,,,,0,,,,,0,0,0,,1005070,954934,1005070,954934,40000,41507.9,9084.21,0,0,1,25065.8,0,0,0,0.0778947,0,-0.377895,1,1,0,0,1,0,0,0,0,0,0,0
"PSignal Liab 1 Dam 5",0.0398,0,0.0398,0.1933,1,1,1,1,0.168174,0.167169,0.0180712,0.0153206,0.99397,,,,,0,0,1,1,0.166667,0.25,0.0759796,0.0299699,0.00603015,,,,,0,0,0,,1004980,954834,1004980,954834,40180.9,41351.8,11552.8,0,0,1,25075.4,0,0,0,0.0844221,0,-0.377889,1,1,0,0,0.99397,0,0,0.00603015,0,0,0,0
"PSignal Liab 2 Dam 1",0.0397,0,0.03972,0.359181,1,1,1,1,0.168009,0.167674,0.0187372,0.0160952,0.994965,,,,,0,0,1,1,0.166667,0.166667,0.0842628,0.0240859,0.00503525,,,,,0,0,0,,1005000,954849,1005000,954849,40151.1,31933.5,14375.6,0,0,1,25075.5,0,0,0,0.293051,0,-0.1571,1,1,0,0,0.994965,0,0,0.00503525,0,0,0,0
"PSignal Liab 2 Dam 2",0.0416,0,0.04156,0.340071,1,1,1,1,0.16795,0.167148,0.0193704,0.0169237,0.99615,,,,,0,0,1,1,0.333333,0.166667,0.104267,0.0235254,0.00288739,,,,,0.000962464,0,0,,1004950,954930,1004950,954930,40115.5,33765.6,17993.3,0,0,0.999038,25036.1,0.000962464,0,0,0.251203,0,-0.13282,1,1,0,0,0.99615,0,0,0.00288739,0.000962464,0,0,0
"PSignal Liab 2 Dam 3",0.0389,0,0.03888,0.346708,0.998971,0.998971,1,1,0.16701,0.16907,0.0206956,0.0197187,0.996914,,,,,0,0,1,1,0.166667,0.166667,0.0719405,0.0237831,0.00205761,,,,,0,0,0,,1005140,954835,1005140,954835,40020.6,32947.5,25951.6,0,0,0.998971,25180.2,0,0,0,0.268519,0,-0.201646,0.998971,0.998971,0.00102881,0,0.996914,0,0,0.00205761,0,0,0,0
"PSignal Liab 2 Dam 4",0.0342,0,0.03424,0.34852,1,1,1,1,0.168419,0.170755,0.02232,0.0214218,0.991822,,,,,0,0,1,1,0.166667,0.238095,0.0886185,0.0349192,0.00817757,,,,,0,0,0,,1005230,954527,1005230,954527,40245.3,31559.6,36255.8,0,0,1,25350.5,0,0,0,0.304907,0,-0.226636,1,1,0,0,0.991822,0,0,0.00817757,0,0,0,0
"PSignal Liab 2 Dam 5",0.0356,0,0.0356,0.341199,1,1,1,1,0.170787,0.170412,0.0389539,0.0228562,0.988764,,,,,0,0,1,1,0.25,0.233333,0.0832952,0.0421276,0.00786517,,,,,0.00337079,0,0,,1005110,954551,1005110,954551,40337.1,33393.3,36522.5,0,0,0.996629,25366.4,0.00337079,0,0,0.262921,0,-0.12809,1,1,0,0,0.988764,0,0,0.00786517,0.00337079,0,0,0
"PSignal Liab 3 Dam 1",0.0434,0,0.04344,0.498465,0.999079,0.998158,1,1,0.171587,0.168512,0.0321883,0.0191643,0.97698,,,,,0,0,1,1,0.311594,0.188406,0.087246,0.0319309,0.00644567,,,,,0,0,0.014733,0.625,1004980,954015,1004980,954015,41008.3,22463.2,26599.9,0,0,0.983425,25187.3,0,0,0,0.521179,0,0.00644567,0.999079,0.998158,0.00092081,0.00092081,0.97698,0,0,0.00644567,0,0,0.00552486,0.0092081
"PSignal Liab 3 Dam 2",0.0475,0,0.04752,0.49537,1,1,1,1,0.769921,0.169893,0.13536,0.0223696,0.00420875,,,,,0,0.000841751,1,1,0.332628,0.292865,0.0120758,0.0160465,0.715488,,,,,0.000841751,0,0.27862,0.359517,1005030,916768,1005030,916768,78207.1,48329.1,32975.6,0,0,0.719697,50672.5,0.000841751,0.000841751,0,0.508418,0,-0.020202,1,1,0,0,0.00420875,0,0.000841751,0.715488,0.000841751,0,0.178451,0.100168
"PSignal Liab 3 Dam 3",0.0436,0,0.04356,0.496939,1,0.999082,1,1,0.824908,0.175398,0.0583151,0.0284232,0.00734619,,,,,0,0,1,1,0.334568,0.346605,0.0115875,0.0139244,0.856749,,,,,0,0,0.134986,0.251701,1012600,913634,1012600,913634,73769.5,44212.6,41873.3,0,0,0.864096,53653,0,0,0,0.498623,0,-0.0156107,1,0.999082,0,0.000918274,0.00734619,0,0,0.856749,0,0,0.10101,0.0339761
"PSignal Liab 3 Dam 4",0.0455,0,0.04552,0.499561,0.999121,0.999121,1,1,0.801818,0.185723,0.0712923,0.0355087,0.0228471,,,,,0,0,1,1,0.339184,0.368737,0.0218617,0.0188576,0.818102,,,,,0,0,0.158172,0.305556,1016860,909145,1016860,909145,73998.2,46994.7,51212.7,0,0,0.840949,57223.1,0,0,0,0.487698,0,0.0123023,0.999121,0.999121,0.000878735,0,0.0228471,0,0,0.818102,0,0,0.109842,0.0483304
"PSignal Liab 3 Dam 5",0.0484,0,0.04836,0.499586,1,1,1,1,0.764682,0.20182,0.0892193,0.039877,0.044665,,,,,0.00082713,0,1,1,0.598498,0.369584,0.0233411,0.0281632,0.247312,,,,,0,0,0.707196,0.440936,1025110,885037,1025110,885037,89851.1,64241.1,55748.6,0,0,0.291977,97308.8,0.00082713,0,0,0.48139,0,-0.0248139,1,1,0,0,0.044665,0.00082713,0,0.247312,0,0,0.395368,0.311828
"PSignal Liab 4 Dam 1",0.0327,0,0.03272,0.654442,1,1,1,1,0.752241,0.170334,0.151538,0.031635,0.00122249,,,,,0,0,1,1,0.335169,0.321297,0.0126507,0.0171435,0.872861,,,,,0.00122249,0,0.124694,0.598039,1011860,914432,1011860,914432,73704.2,45806.8,30492.1,0,0,0.874083,50699.3,0.00122249,0,0,0.715159,0,0.125917,1,1,0,0,0.00122249,0,0,0.872861,0.00122249,0,0.0501222,0.0745721
"PSignal Liab 4 Dam 2",0.0358,0,0.03584,0.663318,1,1,1,1,0.767857,0.185454,0.129929,0.0455517,0.015625,,,,,0,0.00111607,1,1,0.337306,0.359818,0.0210303,0.0196301,0.886161,,,,,0,0,0.097098,0.609195,1017270,910321,1017270,910321,72410.7,34165.7,43909,0,0,0.901786,54409,0,0.00111607,0,0.756696,0,0.0714286,1,1,0,0,0.015625,0,0.00111607,0.886161,0,0,0.0379464,0.0591518
"PSignal Liab 4 Dam 3",0.0428,0,0.04284,0.652194,1,1,1,1,0.829132,0.22409,0.0436332,0.0635142,0.070028,,,,,0,0.000933707,1,1,0.661642,0.41675,0.0297267,0.0186023,0.240896,,,,,0,0,0.688142,0.717775,1035820,875665,1035820,875665,88515.4,59005.6,41956.1,0,0,0.310924,104542,0,0.000933707,0,0.70775,0,0.123249,1,1,0,0,0.070028,0,0.000933707,0.240896,0,0,0.194211,0.493931
"PSignal Liab 4 Dam 4",0.0441,0,0.04412,0.640828,1,1,1,1,0.830916,0.265488,0.0238324,0.07458,0.133273,,,,,0,0,1,1,0.684275,0.482741,0.0429296,0.0178042,0.345422,,,,,0,0,0.521306,0.631304,1048820,869538,1048820,869538,81641,52316.4,47239.3,0,0,0.478694,107008,0,0,0,0.68087,0,0.228468,1,1,0,0,0.133273,0,0,0.345422,0,0,0.192203,0.329102
"PSignal Liab 4 Dam 5",0.0433,0,0.04332,0.650508,1,0.999077,1,1,0.829328,0.330407,0.0319149,0.072901,0.232687,,,,,0,0,1,1,0.711245,0.493373,0.0693274,0.0189202,0.265005,,,,,0,0,0.501385,0.679558,1061400,860598,1061400,860598,78000.9,46382.7,55371.7,0,0,0.497692,111712,0,0,0,0.722992,0,0.168052,1,0.999077,0,0.000923361,0.232687,0,0,0.265005,0,0,0.160665,0.34072
"PSignal Liab 5 Dam 1",0.0404,0,0.0404,0.80495,1,1,1,1,0.740759,0.177228,0.154952,0.0457485,0.0108911,,,,,0,0,1,1,0.335335,0.34618,0.020868,0.01839,0.967327,,,,,0,0.000990099,0.020792,0.904762,1016570,913131,1016570,913131,70297,35616.3,35779.7,0,0,0.978218,51530.9,0,0.000990099,0,0.938614,0,0.354455,1,1,0,0,0.0108911,0,0,0.967327,0,0.000990099,0.0019802,0.0188119
"PSignal Liab 5 Dam 2",0.0406,0,0.04064,0.804954,0.999016,0.999016,1,1,0.747947,0.205747,0.14345,0.0757756,0.0472441,,,,,0,0,1,1,0.656153,0.404171,0.0782276,0.0237677,0.175197,,,,,0.000984252,0,0.775591,0.961929,1031940,876280,1031940,876280,91781.5,55492.1,39557.1,0,0,0.222441,98561.9,0.000984252,0,0,0.927165,0,0.318898,0.999016,0.999016,0.000984252,0,0.0472441,0,0,0.175197,0.000984252,0,0.0295276,0.746063
"PSignal Liab 5 Dam 3",0.0398,0,0.0398,0.807203,1,0.998995,1,1,0.832495,0.273642,0.0251582,0.107934,0.122613,,,,,0,0.00100503,1,1,0.665136,0.505932,0.016452,0.0233303,0.444221,,,,,0,0,0.431156,0.958042,1059350,861490,1059350,861490,79160.8,47854.3,35912.1,0,0,0.566834,105297,0,0.00100503,0,0.927638,0,0.352764,1,0.998995,0,0.00100503,0.122613,0,0.00100503,0.444221,0,0,0.0180905,0.413065
"PSignal Liab 5 Dam 4",0.036,0,0.03596,0.799592,1,1,1,1,0.831479,0.423063,0.0163866,0.12744,0.361513,,,,,0.00111235,0,1,1,0.741419,0.553519,0.0794872,0.0212476,0.21802,,,,,0,0,0.419355,0.95756,1077070,851232,1077070,851232,71701.9,35328.1,43656.8,0,0,0.579533,115379,0.00111235,0,0,0.932147,0,0.42158,1,1,0,0,0.361513,0.00111235,0,0.21802,0,0,0.0177976,0.401557
"PSignal Liab 5 Dam 5",0.0349,0,0.03488,0.794916,1,1,1,1,0.833333,0.534786,0.0134062,0.0947197,0.540138,,,,,0.00114679,0,1,1,0.833333,0.6175,0.0128813,0.0215098,0.0126147,,,,,0,0.00114679,0.444954,0.938144,1091530,841359,1091530,841359,67110.1,27322.2,48767.2,0,0,0.552752,125000,0.00114679,0.00114679,0,0.938073,0,0.409404,1,1,0,0,0.540138,0.00114679,0,0.0126147,0,0.00114679,0.0275229,0.417431
"DSignal Liab 1 Dam 1",0.0392,0,0.03916,0.192884,1,1,1,1,0.173306,0.166837,0.0192965,0.0143059,0.988764,,,,,0,0,1,1,0.30303,0.166667,0.0222116,0.0152861,0.0020429,,,,,0,0,0.009193,0.222222,1004630,954757,1004630,954757,40612.9,42668.5,2982.64,0,0,0.990807,25012.9,0,0,0,0.0561798,0,0.307457,1,1,0,0,0.988764,0,0,0.0020429,0,0,0.00715015,0.0020429
"DSignal Liab 1 Dam 2",0.0382,0,0.03816,0.199686,0.998952,0.997904,1,1,0.194678,0.166842,0.0217296,0.0143209,0.951782,,,,,0,0,1,1,0.325758,0.166667,0.0177127,0.0150708,0.00209644,,,,,0,0,0.044025,0.0952381,1003070,954306,1003070,954306,42625.8,42953.4,4680.29,0,0,0.953878,25013.7,0,0,0,0.057652,0,0.395178,0.998952,0.997904,0.00104822,0.00104822,0.951782,0,0,0.00209644,0,0,0.0398323,0.0041929
"DSignal Liab 1 Dam 3",0.0378,0,0.0378,0.201058,1,1,1,1,0.199647,0.166843,0.0214303,0.0143399,0.94709,,,,,0,0,1,1,0.38,0.18,0.0170685,0.014814,0.0021164,,,,,0,0,0.050794,0.1875,1003180,953709,1003180,953709,43111.1,42862.4,7687.83,0,0,0.949206,25083.6,0,0,0,0.0708995,0,0.38836,1,1,0,0,0.94709,0,0,0.0021164,0,0,0.0412698,0.0095238
"DSignal Liab 1 Dam 4",0.0362,0,0.0362,0.191713,1,1,1,1,0.19779,0.167403,0.0223265,0.0143575,0.948066,,,,,0,0,1,1,0.41844,0.177305,0.0268024,0.0152706,0.00552486,,,,,0,0,0.046409,0.119048,1003220,953829,1003220,953829,42950.3,43082.9,8005.52,0,0,0.953591,25115.9,0,0,0,0.0629834,0,0.319337,1,1,0,0,0.948066,0,0,0.00552486,0,0,0.040884,0.0055249
"DSignal Liab 1 Dam 5",0.039,0,0.039,0.197265,1,1,1,1,0.188718,0.166667,0.0244051,0.0143682,0.961026,,,,,0,0,1,1,0.482456,0.166667,0.0298809,0.0160286,0.00512821,,,,,0.00102564,0,0.032821,0.15625,1003720,954128,1003720,954128,42153.8,41728.2,12861.5,0,0,0.966154,25000,0.00102564,0,0,0.0882051,0,0.339487,1,1,0,0,0.961026,0,0,0.00512821,0.00102564,0,0.0276923,0.0051282
"DSignal Liab 2 Dam 1",0.0402,0,0.04016,0.346448,0.999004,0.999004,1,1,0.261715,0.166833,0.0374378,0.0145957,0.845618,,,,,0,0,1,1,0.335498,0.166667,0.0142744,0.0154228,0.00298805,,,,,0.000996016,0,0.149402,0.393333,1000660,950291,1000660,950291,49043.8,36865,15179.3,0,0,0.848606,25014.7,0.000996016,0,0,0.270916,0,0.148406,0.999004,0.999004,0.000996016,0,0.845618,0,0,0.00298805,0.000996016,0,0.0906375,0.0587649
"DSignal Liab 2 Dam 2",0.0397,0,0.03972,0.347768,0.998993,0.998993,1,1,0.329469,0.166835,0.0430161,0.0148209,0.733132,,,,,0,0,1,1,0.357323,0.166667,0.0158833,0.0172753,0.00503525,,,,,0.00100705,0,0.259819,0.379845,998532,945738,998532,945738,55730.1,41513.1,19622.4,0,0,0.738167,25017.1,0.00100705,0,0,0.236657,0,0.124874,0.998993,0.998993,0.00100705,0,0.733132,0,0,0.00503525,0.00100705,0,0.161128,0.0986908
"DSignal Liab 2 Dam 3",0.0376,0,0.0376,0.350355,1,1,1,1,0.374645,0.167021,0.0406235,0.0151385,0.667021,,,,,0,0,1,1,0.417998,0.306177,0.0213957,0.0150381,0.203191,,,,,0,0,0.129787,0.442623,1005840,940279,1005840,940279,53883,41731.4,27117,0,0,0.870213,30822.1,0,0,0,0.285106,0,0.174468,1,1,0,0,0.667021,0,0,0.203191,0,0,0.0723404,0.0574468
"DSignal Liab 2 Dam 4",0.0362,0,0.03624,0.340324,1,1,1,1,0.387049,0.16777,0.0372463,0.0154267,0.652318,,,,,0,0,1,1,0.477249,0.304233,0.0272746,0.0157074,0.156733,,,,,0,0,0.190949,0.381503,1005160,938684,1005160,938684,56158.9,43358.2,32538.6,0,0,0.809051,29894.3,0,0,0,0.281457,0,0.177704,1,1,0,0,0.652318,0,0,0.156733,0,0,0.118102,0.0728477
"DSignal Liab 2 Dam 5",0.0404,0,0.04044,0.345368,1,1,1,1,0.421035,0.166996,0.0443263,0.0155847,0.591494,,,,,0,0,1,1,0.560129,0.2954,0.0315508,0.0169064,0.0880317,,,,,0,0,0.320475,0.410494,1005590,932542,1005590,932542,61869.4,46577.6,40761.6,0,0,0.679525,28202.3,0,0,0,0.299703,0,0.22453,1,1,0,0,0.591494,0,0,0.0880317,0,0,0.188922,0.131553
"DSignal Liab 3 Dam 1",0.0419,0,0.04192,0.505725,0.999046,0.999046,1,1,0.418816,0.167622,0.0721019,0.0164165,0.567748,,,,,0,0,1,1,0.351401,0.294248,0.0177158,0.0186128,0.313931,,,,,0.000954198,0,0.116412,0.631148,1006010,937595,1006010,937595,56393.1,36393.1,25777.7,0,0,0.881679,33820.3,0.000954198,0,0,0.51813,0,0.0343511,0.999046,0.999046,0.000954198,0,0.567748,0,0,0.313931,0.000954198,0,0.0429389,0.0734733
"DSignal Liab 3 Dam 2",0.0443,0,0.04428,0.501204,1,1,1,1,0.536736,0.167871,0.0728457,0.0183864,0.405601,,,,,0,0.000903342,1,1,0.381786,0.311771,0.0168935,0.0150869,0.433604,,,,,0,0,0.159892,0.621469,1008740,928659,1008740,928659,62601.6,38256.5,34986.4,0,0,0.839205,37890.2,0,0.000903342,0,0.527552,0,-0.0551039,1,1,0,0,0.405601,0,0.000903342,0.433604,0,0,0.0605239,0.0993677
"DSignal Liab 3 Dam 3",0.0432,0,0.04324,0.502004,1,1,1,1,0.636294,0.168671,0.0570948,0.0206815,0.265495,,,,,0,0,1,1,0.456969,0.331444,0.0239129,0.011969,0.450509,,,,,0,0,0.283996,0.638436,1012460,916989,1012460,916989,70555,46940.3,41362.2,0,0,0.716004,40665.4,0,0,0,0.478261,0,0.0490287,1,1,0,0,0.265495,0,0,0.450509,0,0,0.102683,0.181314
"DSignal Liab 3 Dam 4",0.047,0,0.047,0.499433,1,0.999149,1,1,0.651334,0.169364,0.0488124,0.0224811,0.245957,,,,,0,0,1,1,0.516008,0.314313,0.0305592,0.0162357,0.309787,,,,,0.000851064,0,0.442553,0.6,1015890,908272,1015890,908272,75842.6,50636.2,51993.6,0,0,0.555745,39127.1,0.000851064,0,0,0.489362,0,0.067234,1,0.999149,0,0.000851064,0.245957,0,0,0.309787,0.000851064,0,0.177021,0.265532
"DSignal Liab 3 Dam 5",0.0462,0,0.04624,0.498702,1,1,1,1,0.653979,0.169694,0.0542949,0.0239674,0.228374,,,,,0.000865052,0,1,1,0.591096,0.306023,0.0366992,0.023587,0.142734,,,,,0.000865052,0,0.627163,0.571034,1020200,897861,1020200,897861,81937.7,57210.2,56347.3,0,0,0.371107,35169,0.0017301,0,0,0.467993,0,0.0692042,1,1,0,0,0.228374,0.000865052,0,0.142734,0.000865052,0,0.269031,0.358131
"DSignal Liab 4 Dam 1",0.0384,0,0.03844,0.65418,1,0.998959,1,1,0.599479,0.169097,0.11016,0.0228251,0.271592,,,,,0,0.00104058,1,1,0.385148,0.333572,0.0234824,0.0116284,0.60666,,,,,0,0,0.119667,0.930435,1012960,921701,1012960,921701,65343.4,38740.9,30926.1,0,0,0.878252,42387.4,0,0.00104058,0,0.742976,0,-0.167534,1,0.998959,0,0.00104058,0.271592,0,0.00104058,0.60666,0,0,0.00832466,0.111342
"DSignal Liab 4 Dam 2",0.0391,0,0.03912,0.654397,1,1,1,1,0.692229,0.168712,0.0968042,0.0268245,0.149284,,,,,0,0,1,1,0.452324,0.334535,0.0265579,0.0121402,0.555215,,,,,0,0,0.295501,0.892734,1017500,908116,1017500,908116,74386.5,40406.4,40802.7,0,0,0.704499,44974.6,0,0,0,0.733129,0,-0.165644,1,1,0,0,0.149284,0,0,0.555215,0,0,0.0316973,0.263804
"DSignal Liab 4 Dam 3",0.0397,0,0.03972,0.648708,0.998993,0.998993,1,1,0.744624,0.171371,0.0630962,0.0344035,0.0936556,,,,,0,0,1,1,0.546162,0.33667,0.0324941,0.0186914,0.345418,,,,,0,0,0.559919,0.859712,1029480,886604,1029480,886604,83917.4,48648,50020.1,0,0,0.439074,46014.9,0,0,0,0.728097,0,-0.179255,0.998993,0.998993,0.00100705,0,0.0936556,0,0,0.345418,0,0,0.0785498,0.48137
"DSignal Liab 4 Dam 4",0.0416,0,0.04164,0.635126,1,1,1,1,0.762408,0.179155,0.0433612,0.0617306,0.0835735,,,,,0.000960615,0,1,1,0.608779,0.660721,0.0374704,0.0266049,0.769452,,,,,0,0,0.146013,0.842105,1053630,874524,1053630,874524,71844.4,43227.7,49865.5,0,0,0.853026,86233.1,0.000960615,0,0,0.716619,0,-0.233429,1,1,0,0,0.0835735,0.000960615,0,0.769452,0,0,0.0230548,0.122959
"DSignal Liab 4 Dam 5",0.0402,0,0.0402,0.655887,1,1,1,1,0.767662,0.191211,0.0401772,0.0960565,0.0825871,,,,,0.000995025,0,1,1,0.67861,0.670286,0.0402555,0.0274398,0.616915,,,,,0,0,0.299502,0.92691,1061330,862197,1061330,862197,76477.6,45084.6,55514.9,0,0,0.699502,88175.7,0.000995025,0,0,0.706468,0,-0.148259,1,1,0,0,0.0825871,0.000995025,0,0.616915,0,0,0.0218905,0.277612
"DSignal Liab 5 Dam 1",0.0381,0,0.03812,0.806925,1,1,1,1,0.744841,0.168066,0.138792,0.0297209,0.0251836,,,,,0,0.00104932,1,1,0.43283,0.334231,0.0324692,0.0117383,0.674711,,,,,0,0,0.299056,0.996491,1016850,904966,1016850,904966,78184.7,42898.7,36453.3,0,0,0.699895,49194.2,0,0.00104932,0,0.93809,0,-0.293809,1,1,0,0,0.0251836,0,0.00104932,0.674711,0,0,0.00104932,0.298006
"DSignal Liab 5 Dam 2",0.0406,0,0.0406,0.803448,0.999015,0.99803,1,1,0.763574,0.203521,0.108612,0.100416,0.0256158,,,,,0,0,1,1,0.529551,0.35461,0.0399318,0.0470077,0.417734,,,,,0.000985222,0.000985222,0.552709,0.973262,1027210,887113,1027210,887113,85679.8,44670,43832.5,0,0,0.44335,54166.7,0.000985222,0.000985222,0,0.920197,0,-0.329064,0.999015,0.99803,0.000985222,0.000985222,0.0256158,0,0,0.417734,0.000985222,0.000985222,0.0147783,0.537931
"DSignal Liab 5 Dam 3",0.0414,0,0.0414,0.799678,1,1,1,1,0.797101,0.212721,0.0621837,0.110407,0.0183575,,,,,0,0.000966184,1,1,0.628736,0.665517,0.0400273,0.016602,0.833816,,,,,0,0,0.14686,0.973684,1058230,867942,1058230,867942,73826.1,41966.2,36277.8,0,0,0.852174,93707.5,0,0.000966184,0,0.921739,0,-0.398068,1,1,0,0,0.0183575,0,0.000966184,0.833816,0,0,0.00386473,0.142995
"DSignal Liab 5 Dam 4",0.0385,0,0.03848,0.792793,1,1,1,1,0.822245,0.620929,0.0334032,0.303441,0.672557,,,,,0,0,1,1,0.709524,0.669312,0.0451924,0.0148834,0.209979,,,,,0,0.0010395,0.116424,1,1092070,854618,1092070,854618,53316,30849.8,31333.2,0,0,0.882536,117741,0,0.0010395,0,0.927235,0,-0.439709,1,1,0,0,0.672557,0,0,0.209979,0,0.0010395,0,0.116424
"DSignal Liab 5 Dam 5",0.0351,0,0.03512,0.801443,1,0.998861,1,1,0.826872,0.832383,0.0239405,0.0210686,0.996583,,,,,0,0,1,1,0.833333,0.25,0.0567515,0.127744,0,,,,,0,0,0.002278,1,1104520,855382,1104520,855382,40096.8,16033.6,36853.6,0,0,0.996583,124514,0,0,0,0.914579,0,-0.430524,1,0.998861,0,0.00113895,0.996583,0,0,0,0,0,0,0.0022779
"PDoesntFile",0.0002,0,0.00024,0.444444,0,0,1,1,,,,,0,,,,,0,0,1,1,,,,,0,,,,,0,0,0,,1000000,1000000,1000000,1000000,0,0,41666.7,0,0,0,,0,0,0,0.5,0,-0.333333,0,0,1,0,0,0,0,0,0,0,0,0
"P Files",0.9998,0,0.99976,0.50072,1,0.9998,1,1,0.530093,0.213414,0.0539052,0.0421494,0.484276,,,,,0.000120029,0.000160038,1,1,0.5139,0.401913,0.0312024,0.0197559,0.29179,,,,,0.000280067,8.00192E-05,0.223094,0.696915,1022570,915289,1022570,915289,62143.1,42106.4,32329.9,0,0,0.776066,48131.2,0.000400096,0.000240058,0,0.5,0,-0.00164039,1,0.9998,0,0.000200048,0.484276,0.000120029,0.000160038,0.29179,0.000280067,8.00192E-05,0.0676162,0.155477
"DDoesntAnswer",0.0002,0,0.0002,0.566667,1,0,1,1,,,,,0,,,,,0,0,1,1,,,,,0,,,,,0,0,0,,1145000,850000,1145000,850000,5000,105000,0,0,0,0,,0,0,0,0.6,0,-0.4,1,0,0,1,0,0,0,0,0,0,0,0
"D Answers",0.9996,0,0.99956,0.500707,1,1,1,1,0.530093,0.213414,0.0539052,0.0421494,0.484373,,,,,0.000120053,0.00016007,1,1,0.5139,0.401913,0.0312024,0.0197559,0.291848,,,,,0.000280123,8.00352E-05,0.223138,0.696915,1022540,915302,1022540,915302,62154.5,42093.8,32336.3,0,0,0.776222,48131.2,0.000400176,0.000240106,0,0.49998,0,-0.00156069,1,1,0,0,0.484373,0.000120053,0.00016007,0.291848,0.000280123,8.00352E-05,0.0676298,0.155508
"Settles1",0.4842,0,0.48416,0.358807,1,1,1,1,0.250565,0.252671,0.0230179,0.0330437,1,,,,,0,0,1,1,,,,,0,,,,,0,0,0,,1017740,942257,1017740,942257,40000,34092.7,18685.8,0,0,1,37742.7,0,0,0,0.297174,0,-0.258675,1,1,0,0,1,0,0,0,0,0,0,0
"DoesntSettle1",0.5154,0,0.5154,0.634006,1,1,1,1,0.792679,0.176536,0.0829204,0.0507033,0,,,,,0.000232829,0.000310438,1,1,0.5139,0.401913,0.0312024,0.0197559,0.566007,,,,,0.000543267,0.000155219,0.432751,0.696915,1027050,889981,1027050,889981,82966.2,49610,45159.5,0,0,0.566007,65372.6,0.000776096,0.000465658,0,0.690493,0,0.239969,1,1,0,0,0,0.000232829,0.000310438,0.566007,0.000543267,0.000155219,0.13116,0.301591
"PAbandons1",0.0001,0,0.00012,0.666667,1,1,1,1,0.777778,0.222222,0.0396707,0.0605849,0,,,,,1,0,1,1,,,,,0,,,,,0,0,0,,980000,980000,980000,980000,40000,0,153333,0,0,0,,1,0,0,1,0,0.666667,1,1,0,0,0,1,0,0,0,0,0,0
"PDoesntAbandon1",0.5153,0,0.51528,0.633998,1,1,1,1,0.792682,0.176525,0.0829304,0.050701,0,,,,,0,0.000310511,1,1,0.5139,0.401913,0.0312024,0.0197559,0.566139,,,,,0.000543394,0.000155255,0.432852,0.696915,1027060,889960,1027060,889960,82976.2,49621.6,45134.3,0,0,0.566139,65372.6,0.000543394,0.000465766,0,0.690421,0,0.23987,1,1,0,0,0,0,0.000310511,0.566139,0.000543394,0.000155255,0.131191,0.301661
"DDefaults1",0.0002,0,0.00016,0.666667,1,1,1,1,0.75,0.166667,0.0835201,0.0453348,0,,,,,0,1,1,1,,,,,0,,,,,0,0,0,,1130000,830000,1130000,830000,40000,113750,0,0,0,0,,0,1,0,0.75,0,-0.25,1,1,0,0,0,0,1,0,0,0,0,0
"DDoesntDefault1",0.5151,0,0.51512,0.633988,1,1,1,1,0.792696,0.176528,0.0829303,0.0507026,0,,,,,0,0,1,1,0.5139,0.401913,0.0312024,0.0197559,0.566315,,,,,0.000543563,0.000155304,0.432986,0.696915,1027030,889978,1027030,889978,82989.6,49601.6,45148.3,0,0,0.566315,65372.6,0.000543563,0.000155304,0,0.690402,0,0.240022,1,1,0,0,0,0,0,0.566315,0.000543563,0.000155304,0.131232,0.301755
"POrDQuits1",0.0003,0,0.00028,0.666667,1,1,1,1,0.761905,0.190476,0.0647275,0.0518706,0,,,,,0.428571,0.571429,1,1,,,,,0,,,,,0,0,0,,1065710,894286,1065710,894286,40000,65000,65714.3,0,0,0,,0.428571,0.571429,0,0.857143,0,0.142857,1,1,0,0,0,0.428571,0.571429,0,0,0,0,0
"Settles2",0.2917,0,0.29172,0.642945,1,1,1,1,0.7975,0.175991,0.095409,0.0562444,0,,,,,0,0,1,1,0.421729,0.449906,0.0229167,0.0178207,1,,,,,0,0,0,,1030370,899627,1030370,899627,70000,40809.7,40870,0,0,1,65372.6,0,0,0,0.707802,0,-0.095434,1,1,0,0,0,0,0,1,0,0,0,0
"DoesntSettle2",0.2234,0,0.2234,0.622292,1,1,1,1,0.786422,0.177231,0.0666353,0.0434661,0,,,,,0,0,1,1,0.634258,0.339242,0.042022,0.0222829,0,,,,,0.00125336,0.000358102,0.998389,0.696915,1022670,877379,1022670,877379,99951.7,61082.4,50735,0,0,0,,0.00125336,0.000358102,0,0.667681,0,0.678066,1,1,0,0,0,0,0,0,0.00125336,0.000358102,0.302596,0.695792
"PAbandons2",0.0003,0,0.00028,0.452381,1,1,1,1,0.714286,0.190476,0.08094,0.0295809,0,,,,,0,0,1,1,0.5,0.190476,0.091787,0.044864,0,,,,,1,0,0,,965000,965000,965000,965000,70000,25000,31428.6,0,0,0,,1,0,0,0.285714,0,0.142857,1,1,0,0,0,0,0,0,1,0,0,0
"PDoesntAbandon2",0.2231,0,0.22312,0.622505,1,1,1,1,0.786512,0.177214,0.0666173,0.0434836,0,,,,,0,0,1,1,0.634427,0.339429,0.0419595,0.0222546,0,,,,,0,0.000358551,0.999641,0.696915,1022740,877269,1022740,877269,99989.2,61127.6,50759.2,0,0,0,,0,0.000358551,0,0.668161,0,0.678738,1,1,0,0,0,0,0,0,0,0.000358551,0.302976,0.696665
"DDefaults2",8E-05,0,8E-05,0.833333,1,1,1,1,0.833333,0.333333,0.084179,0.201928,0,,,,,0,0,1,1,0.583333,0.416667,0.0312576,0.0987613,0,,,,,0,1,0,,1115000,815000,1115000,815000,70000,72500,17500,0,0,0,,0,1,0,1,0,0,1,1,0,0,0,0,0,0,0,1,0,0
"DDoesntDefault2",0.223,0,0.22304,0.622429,1,1,1,1,0.786496,0.177158,0.066611,0.0434267,0,,,,,0,0,1,1,0.634445,0.339401,0.0419634,0.0222272,0,,,,,0,0,1,0.696915,1022710,877291,1022710,877291,100000,61123.6,50771.2,0,0,0,,0,0,0,0.668042,0,0.678981,1,1,0,0,0,0,0,0,0,0,0.303085,0.696915
"POrDQuits2",0.0004,0,0.00036,0.537037,1,1,1,1,0.740741,0.222222,0.0816598,0.0678803,0,,,,,0,0,1,1,0.518519,0.240741,0.078336,0.0568412,0,,,,,0.777778,0.222222,0,,998333,931667,998333,931667,70000,35555.6,28333.3,0,0,0,,0.777778,0.222222,0,0.444444,0,0.111111,1,1,0,0,0,0,0,0,0.777778,0.222222,0,0
"P Loses",0.0676,0,0.0676,0.477416,1,1,1,1,0.77288,0.17002,0.0726773,0.0219795,0,,,,,0,0,1,1,0.556509,0.268639,0.0336221,0.0213099,0,,,,,0,0,1,0,950000,950000,950000,950000,100000,26420.1,78668.6,0,0,0,,0,0,0,0.471598,0,0.922485,1,1,0,0,0,0,0,0,0,0,1,0
"P Wins",0.1554,0,0.15544,0.685495,1,1,1,1,0.792417,0.180262,0.0639728,0.052754,0,,,,,0,0,1,1,0.668339,0.370175,0.045591,0.0226261,0,,,,,0,0,1,1,1054330,845670,1054330,845670,100000,76215.9,38638.7,0,0,0,,0,0,0,0.753474,0,0.573083,1,1,0,0,0,0,0,0,0,0,0,1
"DSignal Liab 3 Dam 3 Answers",0.0432,0,0.04324,0.502004,1,1,1,1,0.636294,0.168671,0.0570948,0.0206815,0.265495,,,,,0,0,1,1,0.456969,0.331444,0.0239129,0.011969,0.450509,,,,,0,0,0.283996,0.638436,1012460,916989,1012460,916989,70555,46940.3,41362.2,0,0,0.716004,40665.4,0,0,0,0.478261,0,0.0490287,1,1,0,0,0.265495,0,0,0.450509,0,0,0.102683,0.181314
"DSignal Liab 3 Dam 3 Noans",0,0,0,,,,,,,,,,,,,,,,,,,,,,,,,,,,,,,,,,,,,,,,,,,,,,,,,,,,,,,,,,,,
